{"Catalog": [{"ItemId": "Admin_Text", "CatalogVersion": "PlayFab", "DisplayName": "Admin", "VirtualCurrencyPrices": {"BN": 18750, "RB": 5500, "LV": 1, "RM": 6238, "TT": 0}, "CanBecomeCharacter": false, "IsStackable": false, "IsTradable": false, "IsLimitedEdition": false, "InitialLimitedEditionCount": 0}, {"ItemId": "AmorphusBlob", "CatalogVersion": "PlayFab", "DisplayName": "AmorphusBlob", "VirtualCurrencyPrices": {"BN": 18750, "RB": 5000, "LV": 1, "RM": 6238, "TT": 0}, "CanBecomeCharacter": false, "IsStackable": true, "IsTradable": false, "IsLimitedEdition": false, "InitialLimitedEditionCount": 0}, {"ItemId": "AnglerFish", "CatalogVersion": "PlayFab", "DisplayName": "Angler Fish", "VirtualCurrencyPrices": {"BN": 7500, "RB": 3500, "EV": 1, "RM": 2495, "TT": 0}, "CanBecomeCharacter": false, "IsStackable": true, "IsTradable": false, "IsLimitedEdition": false, "InitialLimitedEditionCount": 0}, {"ItemId": "AppleClimbers", "CatalogVersion": "PlayFab", "DisplayName": "Apple Climbers", "VirtualCurrencyPrices": {"BN": 18750, "RB": 0, "LV": 1, "RM": 6238, "TT": 0}, "CanBecomeCharacter": false, "IsStackable": false, "IsTradable": false, "IsLimitedEdition": false, "InitialLimitedEditionCount": 0}, {"ItemId": "Army_Helmet", "CatalogVersion": "PlayFab", "DisplayName": "Army Helmet", "VirtualCurrencyPrices": {"BN": 1200, "RB": 1000, "CV": 1, "RM": 399, "TT": 0}, "CanBecomeCharacter": false, "IsStackable": true, "IsTradable": false, "IsLimitedEdition": false, "InitialLimitedEditionCount": 0}, {"ItemId": "Assteroid", "CatalogVersion": "PlayFab", "DisplayName": "Asteroid", "VirtualCurrencyPrices": {"BN": 1200, "RB": 1000, "CV": 1, "RM": 399, "TT": 0}, "CanBecomeCharacter": false, "IsStackable": true, "IsTradable": false, "IsLimitedEdition": false, "InitialLimitedEditionCount": 0}, {"ItemId": "AsstronautHelmet", "CatalogVersion": "PlayFab", "DisplayName": "Astronaut Helmet", "VirtualCurrencyPrices": {"BN": 7500, "RB": 4000, "EV": 1, "RM": 2495, "TT": 0}, "CanBecomeCharacter": false, "IsStackable": true, "IsTradable": false, "IsLimitedEdition": false, "InitialLimitedEditionCount": 0}, {"ItemId": "Awaken_Toast_Mask", "CatalogVersion": "PlayFab", "DisplayName": "Awaken Toast", "VirtualCurrencyPrices": {"BN": 18750, "RB": 0, "LV": 1, "RM": 6238, "TT": 0}, "CanBecomeCharacter": false, "IsStackable": false, "IsTradable": false, "IsLimitedEdition": false, "InitialLimitedEditionCount": 0}, {"ItemId": "Banana_Cannon", "CatalogVersion": "PlayFab", "DisplayName": "Banana Cannon", "VirtualCurrencyPrices": {"BN": 7500, "RB": 3500, "EV": 1, "RM": 2495, "TT": 0}, "CanBecomeCharacter": false, "IsStackable": true, "IsTradable": false, "IsLimitedEdition": false, "InitialLimitedEditionCount": 0}, {"ItemId": "Banana_Edible", "CatalogVersion": "PlayFab", "DisplayName": "Banana Fantasy", "VirtualCurrencyPrices": {"BN": 7500, "RB": 4500, "EV": 1, "RM": 999, "TT": 0}, "CanBecomeCharacter": false, "IsStackable": true, "IsTradable": false, "IsLimitedEdition": false, "InitialLimitedEditionCount": 0}, {"ItemId": "Bananurai_Helmet", "CatalogVersion": "PlayFab", "DisplayName": "Bananurai Helmet", "VirtualCurrencyPrices": {"BN": 3000, "RB": 2500, "RV": 1, "RM": 998, "TT": 0}, "CanBecomeCharacter": false, "IsStackable": true, "IsTradable": false, "IsLimitedEdition": false, "InitialLimitedEditionCount": 0}, {"ItemId": "Baseball", "CatalogVersion": "PlayFab", "DisplayName": "Baseball", "VirtualCurrencyPrices": {"BN": 1200, "RB": 500, "CV": 1, "RM": 399, "TT": 0}, "CanBecomeCharacter": false, "IsStackable": true, "IsTradable": false, "IsLimitedEdition": false, "InitialLimitedEditionCount": 0}, {"ItemId": "Baseball_Hat", "CatalogVersion": "PlayFab", "DisplayName": "Baseball Hat", "VirtualCurrencyPrices": {"BN": 1200, "RB": 500, "CV": 1, "RM": 399, "TT": 0}, "CanBecomeCharacter": false, "IsStackable": true, "IsTradable": false, "IsLimitedEdition": false, "InitialLimitedEditionCount": 0}, {"ItemId": "Beanie", "CatalogVersion": "PlayFab", "DisplayName": "Beanie", "VirtualCurrencyPrices": {"BN": 1200, "RB": 500, "CV": 1, "RM": 399, "TT": 0}, "CanBecomeCharacter": false, "IsStackable": true, "IsTradable": false, "IsLimitedEdition": false, "InitialLimitedEditionCount": 0}, {"ItemId": "Biker_Helmet", "CatalogVersion": "PlayFab", "DisplayName": "Biker_Helmet", "VirtualCurrencyPrices": {"BN": 7500, "RB": 4000, "EV": 1, "RM": 2495, "TT": 0}, "CanBecomeCharacter": false, "IsStackable": true, "IsTradable": false, "IsLimitedEdition": false, "InitialLimitedEditionCount": 0}, {"ItemId": "Biohazard_Acid", "CatalogVersion": "PlayFab", "DisplayName": "Biohazard Acid", "VirtualCurrencyPrices": {"BN": 7500, "RB": 4500, "EV": 1, "RM": 2495, "TT": 0}, "CanBecomeCharacter": false, "IsStackable": true, "IsTradable": false, "IsLimitedEdition": false, "InitialLimitedEditionCount": 0}, {"ItemId": "Bloodshot_Eyes", "CatalogVersion": "PlayFab", "DisplayName": "Bloodshot Specs", "VirtualCurrencyPrices": {"BN": 1200, "RB": 500, "CV": 1, "RM": 399, "TT": 0}, "CanBecomeCharacter": false, "IsStackable": true, "IsTradable": false, "IsLimitedEdition": false, "InitialLimitedEditionCount": 0}, {"ItemId": "Boot", "CatalogVersion": "PlayFab", "DisplayName": "Boot", "VirtualCurrencyPrices": {"BN": 1200, "RB": 1000, "CV": 1, "RM": 399, "TT": 0}, "CanBecomeCharacter": false, "IsStackable": true, "IsTradable": false, "IsLimitedEdition": false, "InitialLimitedEditionCount": 0}, {"ItemId": "Brick", "CatalogVersion": "PlayFab", "DisplayName": "Brick", "VirtualCurrencyPrices": {"BN": 1200, "RB": 1000, "CV": 1, "RM": 399, "TT": 0}, "CanBecomeCharacter": false, "IsStackable": true, "IsTradable": false, "IsLimitedEdition": false, "InitialLimitedEditionCount": 0}, {"ItemId": "BubbleGum", "CatalogVersion": "PlayFab", "DisplayName": "Bubble Gum", "VirtualCurrencyPrices": {"BN": 1200, "RB": 500, "CV": 1, "RM": 399, "TT": 0}, "CanBecomeCharacter": false, "IsStackable": true, "IsTradable": false, "IsLimitedEdition": false, "InitialLimitedEditionCount": 0}, {"ItemId": "Bunny_Ears", "CatalogVersion": "PlayFab", "DisplayName": "Bunny Ears", "VirtualCurrencyPrices": {"BN": 1200, "RB": 1000, "CV": 1, "RM": 399, "TT": 0}, "CanBecomeCharacter": false, "IsStackable": true, "IsTradable": false, "IsLimitedEdition": false, "InitialLimitedEditionCount": 0}, {"ItemId": "Bunny_Nose", "CatalogVersion": "PlayFab", "DisplayName": "Bunny Nose", "VirtualCurrencyPrices": {"BN": 1200, "RB": 1500, "CV": 1, "RM": 399, "TT": 0}, "CanBecomeCharacter": false, "IsStackable": true, "IsTradable": false, "IsLimitedEdition": false, "InitialLimitedEditionCount": 0}, {"ItemId": "CactusJam", "CatalogVersion": "PlayFab", "DisplayName": "Cactus Jam", "VirtualCurrencyPrices": {"BN": 18750, "RB": 0, "LV": 1, "RM": 6238, "TT": 0}, "CanBecomeCharacter": false, "IsStackable": false, "IsTradable": false, "IsLimitedEdition": false, "InitialLimitedEditionCount": 0}, {"ItemId": "Candy_Cane", "CatalogVersion": "PlayFab", "DisplayName": "Candy Cane", "VirtualCurrencyPrices": {"BN": 3000, "RB": 3000, "RV": 1, "RM": 399, "TT": 0}, "CanBecomeCharacter": false, "IsStackable": true, "IsTradable": false, "IsLimitedEdition": false, "InitialLimitedEditionCount": 0}, {"ItemId": "Cat_Ears", "CatalogVersion": "PlayFab", "DisplayName": "Cat Ears", "VirtualCurrencyPrices": {"BN": 1200, "RB": 1000, "CV": 1, "RM": 399, "TT": 0}, "CanBecomeCharacter": false, "IsStackable": true, "IsTradable": false, "IsLimitedEdition": false, "InitialLimitedEditionCount": 0}, {"ItemId": "Century_Doo_Doo", "CatalogVersion": "PlayFab", "DisplayName": "20th Century Doo", "VirtualCurrencyPrices": {"BN": 7500, "RB": 4000, "EV": 1, "RM": 2495, "TT": 0}, "CanBecomeCharacter": false, "IsStackable": true, "IsTradable": false, "IsLimitedEdition": false, "InitialLimitedEditionCount": 0}, {"ItemId": "Chef_Hat", "CatalogVersion": "PlayFab", "DisplayName": "Chef Hat", "VirtualCurrencyPrices": {"BN": 1200, "RB": 1500, "CV": 1, "RM": 399, "TT": 0}, "CanBecomeCharacter": false, "IsStackable": true, "IsTradable": false, "IsLimitedEdition": false, "InitialLimitedEditionCount": 0}, {"ItemId": "Chimney", "CatalogVersion": "PlayFab", "DisplayName": "Chimney Hat", "VirtualCurrencyPrices": {"BN": 7500, "RB": 4000, "EV": 1, "RM": 2495, "TT": 0}, "CanBecomeCharacter": false, "IsStackable": true, "IsTradable": false, "IsLimitedEdition": false, "InitialLimitedEditionCount": 0}, {"ItemId": "Christmas_Bell", "CatalogVersion": "PlayFab", "DisplayName": "Jingle Jingle", "VirtualCurrencyPrices": {"BN": 3000, "RB": 3000, "RV": 1, "RM": 499, "TT": 0}, "CanBecomeCharacter": false, "IsStackable": true, "IsTradable": false, "IsLimitedEdition": false, "InitialLimitedEditionCount": 0}, {"ItemId": "Clover_Glasses", "CatalogVersion": "PlayFab", "DisplayName": "Clover Glasses", "VirtualCurrencyPrices": {"BN": 1200, "RB": 1500, "CV": 1, "RM": 399, "TT": 0}, "CanBecomeCharacter": false, "IsStackable": true, "IsTradable": false, "IsLimitedEdition": false, "InitialLimitedEditionCount": 0}, {"ItemId": "ClownNose", "CatalogVersion": "PlayFab", "DisplayName": "Clown Nose", "VirtualCurrencyPrices": {"BN": 1200, "RB": 500, "CV": 1, "RM": 399, "TT": 0}, "CanBecomeCharacter": false, "IsStackable": false, "IsTradable": false, "IsLimitedEdition": false, "InitialLimitedEditionCount": 0}, {"ItemId": "Cocoa_Mug", "CatalogVersion": "PlayFab", "DisplayName": "Mug Of Cocoa", "VirtualCurrencyPrices": {"BN": 3000, "RB": 3000, "RV": 1, "RM": 499, "TT": 0}, "CanBecomeCharacter": false, "IsStackable": true, "IsTradable": false, "IsLimitedEdition": false, "InitialLimitedEditionCount": 0}, {"ItemId": "Cookie_ChocolateChip", "CatalogVersion": "PlayFab", "DisplayName": "Chocolate Chip Cookie", "VirtualCurrencyPrices": {"BN": 9999, "RB": 9999, "RM": 0, "TT": 0}, "CanBecomeCharacter": false, "IsStackable": false, "IsTradable": false, "IsLimitedEdition": false, "InitialLimitedEditionCount": 0}, {"ItemId": "Corn", "CatalogVersion": "PlayFab", "DisplayName": "Corn", "VirtualCurrencyPrices": {"BN": 3000, "RB": 2000, "RV": 1, "RM": 998, "TT": 0}, "CanBecomeCharacter": false, "IsStackable": true, "IsTradable": false, "IsLimitedEdition": false, "InitialLimitedEditionCount": 0}, {"ItemId": "Cowboy_Hat", "CatalogVersion": "PlayFab", "DisplayName": "Cowboy Hat", "VirtualCurrencyPrices": {"BN": 1200, "RB": 1500, "CV": 1, "RM": 399, "TT": 0}, "CanBecomeCharacter": false, "IsStackable": true, "IsTradable": false, "IsLimitedEdition": false, "InitialLimitedEditionCount": 0}, {"ItemId": "Croc_Hat", "CatalogVersion": "PlayFab", "DisplayName": "Croc Hat", "VirtualCurrencyPrices": {"BN": 3000, "RB": 2500, "RV": 1, "RM": 998, "TT": 0}, "CanBecomeCharacter": false, "IsStackable": true, "IsTradable": false, "IsLimitedEdition": false, "InitialLimitedEditionCount": 0}, {"ItemId": "Crown", "CatalogVersion": "PlayFab", "DisplayName": "Crown", "VirtualCurrencyPrices": {"BN": 1200, "RB": 1000, "CV": 1, "RM": 399, "TT": 0}, "CanBecomeCharacter": false, "IsStackable": true, "IsTradable": false, "IsLimitedEdition": false, "InitialLimitedEditionCount": 0}, {"ItemId": "Cupcake", "CatalogVersion": "PlayFab", "DisplayName": "Cupcake", "VirtualCurrencyPrices": {"BN": 3000, "RB": 2500, "RV": 1, "RM": 998, "TT": 0}, "CanBecomeCharacter": false, "IsStackable": true, "IsTradable": false, "IsLimitedEdition": false, "InitialLimitedEditionCount": 0}, {"ItemId": "Cupid_Arrow", "CatalogVersion": "PlayFab", "DisplayName": "Cupid Arrow", "VirtualCurrencyPrices": {"BN": 1200, "RB": 1000, "CV": 1, "RM": 399, "TT": 0}, "CanBecomeCharacter": false, "IsStackable": true, "IsTradable": false, "IsLimitedEdition": false, "InitialLimitedEditionCount": 0}, {"ItemId": "CyberdooMask", "CatalogVersion": "PlayFab", "DisplayName": "CyberdooMask", "VirtualCurrencyPrices": {"BN": 18750, "RB": 5500, "LV": 1, "RM": 6238, "TT": 0}, "CanBecomeCharacter": false, "IsStackable": false, "IsTradable": false, "IsLimitedEdition": false, "InitialLimitedEditionCount": 0}, {"ItemId": "Dead_Squirrel", "CatalogVersion": "PlayFab", "DisplayName": "Dead Squirrel", "VirtualCurrencyPrices": {"BN": 3000, "RB": 2500, "RV": 1, "RM": 998, "TT": 0}, "CanBecomeCharacter": false, "IsStackable": true, "IsTradable": false, "IsLimitedEdition": false, "InitialLimitedEditionCount": 0}, {"ItemId": "Dinosaur_Egg", "CatalogVersion": "PlayFab", "DisplayName": "Dinosaur Egg", "VirtualCurrencyPrices": {"BN": 1200, "RB": 1000, "CV": 1, "RM": 399, "TT": 0}, "CanBecomeCharacter": false, "IsStackable": true, "IsTradable": false, "IsLimitedEdition": false, "InitialLimitedEditionCount": 0}, {"ItemId": "Doo_Doo_Tank", "CatalogVersion": "PlayFab", "DisplayName": "Doo Doo Tank", "VirtualCurrencyPrices": {"BN": 18750, "RB": 5000, "LV": 1, "RM": 6238, "TT": 0}, "CanBecomeCharacter": false, "IsStackable": true, "IsTradable": false, "IsLimitedEdition": false, "InitialLimitedEditionCount": 0}, {"ItemId": "DooBomb", "CatalogVersion": "PlayFab", "DisplayName": "Toilet Bomb", "VirtualCurrencyPrices": {"BN": 7500, "RB": 3500, "EV": 1, "RM": 2495, "TT": 0}, "CanBecomeCharacter": false, "IsStackable": true, "IsTradable": false, "IsLimitedEdition": false, "InitialLimitedEditionCount": 0}, {"ItemId": "DoogDoomaDoo", "CatalogVersion": "PlayFab", "DisplayName": "DoogDoomaDoo Hat", "VirtualCurrencyPrices": {"BN": 3000, "RB": 3000, "RV": 1, "RM": 998, "TT": 0}, "CanBecomeCharacter": false, "IsStackable": true, "IsTradable": false, "IsLimitedEdition": false, "InitialLimitedEditionCount": 0}, {"ItemId": "DookieFloaty", "CatalogVersion": "PlayFab", "DisplayName": "Dookie Floaty", "VirtualCurrencyPrices": {"BN": 3000, "RB": 2500, "RV": 1, "RM": 998, "TT": 0}, "CanBecomeCharacter": false, "IsStackable": true, "IsTradable": false, "IsLimitedEdition": false, "InitialLimitedEditionCount": 0}, {"ItemId": "DooluminatiBelt", "CatalogVersion": "PlayFab", "DisplayName": "Dooluminati Belt", "VirtualCurrencyPrices": {"BN": 18750, "RB": 5500, "LV": 1, "RM": 6238, "TT": 0}, "CanBecomeCharacter": false, "IsStackable": false, "IsTradable": false, "IsLimitedEdition": false, "InitialLimitedEditionCount": 0}, {"ItemId": "DooMace", "CatalogVersion": "PlayFab", "DisplayName": "Mace", "VirtualCurrencyPrices": {"BN": 3000, "RB": 2000, "RV": 1, "RM": 998, "TT": 0}, "CanBecomeCharacter": false, "IsStackable": true, "IsTradable": false, "IsLimitedEdition": false, "InitialLimitedEditionCount": 0}, {"ItemId": "DooZilla", "CatalogVersion": "PlayFab", "DisplayName": "DooZilla", "VirtualCurrencyPrices": {"BN": 18750, "RB": 6000, "LV": 1, "RM": 6238, "TT": 0}, "CanBecomeCharacter": false, "IsStackable": true, "IsTradable": false, "IsLimitedEdition": false, "InitialLimitedEditionCount": 0}, {"ItemId": "Dragon_Hat", "CatalogVersion": "PlayFab", "DisplayName": "Dragon Hat", "VirtualCurrencyPrices": {"BN": 3000, "RB": 2500, "RV": 1, "RM": 998, "TT": 0}, "CanBecomeCharacter": false, "IsStackable": true, "IsTradable": false, "IsLimitedEdition": false, "InitialLimitedEditionCount": 0}, {"ItemId": "Dynamite", "CatalogVersion": "PlayFab", "DisplayName": "Boom Boom Hat", "VirtualCurrencyPrices": {"BN": 18750, "RB": 5000, "LV": 1, "RM": 6238, "TT": 0}, "CanBecomeCharacter": false, "IsStackable": true, "IsTradable": false, "IsLimitedEdition": false, "InitialLimitedEditionCount": 0}, {"ItemId": "EasterEggs_Doo", "CatalogVersion": "PlayFab", "DisplayName": "Easter Eggs", "VirtualCurrencyPrices": {"BN": 18750, "RB": 5000, "LV": 1, "RM": 6238, "TT": 0}, "CanBecomeCharacter": false, "IsStackable": true, "IsTradable": false, "IsLimitedEdition": false, "InitialLimitedEditionCount": 0}, {"ItemId": "Electro_Globe", "CatalogVersion": "PlayFab", "DisplayName": "Electro Globe", "VirtualCurrencyPrices": {"BN": 7500, "RB": 3500, "EV": 1, "RM": 2495, "TT": 0}, "CanBecomeCharacter": false, "IsStackable": true, "IsTradable": false, "IsLimitedEdition": false, "InitialLimitedEditionCount": 0}, {"ItemId": "Elon_Mask", "CatalogVersion": "PlayFab", "DisplayName": "Elon Mask", "VirtualCurrencyPrices": {"BN": 1200, "RB": 500, "CV": 1, "RM": 399, "TT": 0}, "CanBecomeCharacter": false, "IsStackable": true, "IsTradable": false, "IsLimitedEdition": false, "InitialLimitedEditionCount": 0}, {"ItemId": "Eyeball", "CatalogVersion": "PlayFab", "DisplayName": "Eyeball", "VirtualCurrencyPrices": {"BN": 3000, "RB": 2000, "RV": 1, "RM": 998, "TT": 0}, "CanBecomeCharacter": false, "IsStackable": true, "IsTradable": false, "IsLimitedEdition": false, "InitialLimitedEditionCount": 0}, {"ItemId": "Fan_Hat", "CatalogVersion": "PlayFab", "DisplayName": "Doo Hit The Fan", "VirtualCurrencyPrices": {"BN": 18750, "RB": 5000, "LV": 1, "RM": 6238, "TT": 0}, "CanBecomeCharacter": false, "IsStackable": true, "IsTradable": false, "IsLimitedEdition": false, "InitialLimitedEditionCount": 0}, {"ItemId": "FanBoy_Helmet", "CatalogVersion": "PlayFab", "DisplayName": "Fan Boy Helmet", "VirtualCurrencyPrices": {"BN": 3000, "RB": 3000, "RV": 1, "RM": 998, "TT": 0}, "CanBecomeCharacter": false, "IsStackable": true, "IsTradable": false, "IsLimitedEdition": false, "InitialLimitedEditionCount": 0}, {"ItemId": "Fireball", "CatalogVersion": "PlayFab", "DisplayName": "Spicy Turd", "VirtualCurrencyPrices": {"BN": 18750, "RB": 5500, "LV": 1, "RM": 6238, "TT": 0}, "CanBecomeCharacter": false, "IsStackable": true, "IsTradable": false, "IsLimitedEdition": false, "InitialLimitedEditionCount": 0}, {"ItemId": "Fireworks", "CatalogVersion": "PlayFab", "DisplayName": "Happy Doo Year", "VirtualCurrencyPrices": {"BN": 18750, "RB": 5500, "LV": 1, "RM": 6238, "TT": 0}, "CanBecomeCharacter": false, "IsStackable": true, "IsTradable": false, "IsLimitedEdition": false, "InitialLimitedEditionCount": 0}, {"ItemId": "Fish", "CatalogVersion": "PlayFab", "DisplayName": "Clown Fish", "VirtualCurrencyPrices": {"BN": 7500, "RB": 4000, "EV": 1, "RM": 2495, "TT": 0}, "CanBecomeCharacter": false, "IsStackable": true, "IsTradable": false, "IsLimitedEdition": false, "InitialLimitedEditionCount": 0}, {"ItemId": "Flamingo", "CatalogVersion": "PlayFab", "DisplayName": "Flamingo", "VirtualCurrencyPrices": {"BN": 3000, "RB": 2000, "RV": 1, "RM": 998, "TT": 0}, "CanBecomeCharacter": false, "IsStackable": true, "IsTradable": false, "IsLimitedEdition": false, "InitialLimitedEditionCount": 0}, {"ItemId": "Foam_Finger", "CatalogVersion": "PlayFab", "DisplayName": "Poo-niversity", "VirtualCurrencyPrices": {"BN": 1200, "RB": 1000, "CV": 1, "RM": 399, "TT": 0}, "CanBecomeCharacter": false, "IsStackable": true, "IsTradable": false, "IsLimitedEdition": false, "InitialLimitedEditionCount": 0}, {"ItemId": "Football_Helmet", "CatalogVersion": "PlayFab", "DisplayName": "Cleavland Brown Streaks", "VirtualCurrencyPrices": {"BN": 3000, "RB": 2500, "RV": 1, "RM": 998, "TT": 0}, "CanBecomeCharacter": false, "IsStackable": true, "IsTradable": false, "IsLimitedEdition": false, "InitialLimitedEditionCount": 0}, {"ItemId": "Fruit_Hat", "CatalogVersion": "PlayFab", "DisplayName": "Fruit Hat", "VirtualCurrencyPrices": {"BN": 3000, "RB": 2500, "RV": 1, "RM": 998, "TT": 0}, "CanBecomeCharacter": false, "IsStackable": true, "IsTradable": false, "IsLimitedEdition": false, "InitialLimitedEditionCount": 0}, {"ItemId": "Galaxy_Brain", "CatalogVersion": "PlayFab", "DisplayName": "Cerebrum Centrism", "VirtualCurrencyPrices": {"BN": 18750, "RB": 5000, "LV": 1, "RM": 6238, "TT": 0}, "CanBecomeCharacter": false, "IsStackable": true, "IsTradable": false, "IsLimitedEdition": false, "InitialLimitedEditionCount": 0}, {"ItemId": "GassMask", "CatalogVersion": "PlayFab", "DisplayName": "Gass Mask", "VirtualCurrencyPrices": {"BN": 3000, "RB": 2500, "RV": 1, "RM": 998, "TT": 0}, "CanBecomeCharacter": false, "IsStackable": true, "IsTradable": false, "IsLimitedEdition": false, "InitialLimitedEditionCount": 0}, {"ItemId": "Genie_Lamp", "CatalogVersion": "PlayFab", "DisplayName": "Genie Lamp", "VirtualCurrencyPrices": {"BN": 7500, "RB": 3500, "EV": 1, "RM": 2495, "TT": 0}, "CanBecomeCharacter": false, "IsStackable": true, "IsTradable": false, "IsLimitedEdition": false, "InitialLimitedEditionCount": 0}, {"ItemId": "Gingerbread_Man", "CatalogVersion": "PlayFab", "DisplayName": "Gingerbread Man", "VirtualCurrencyPrices": {"BN": 18750, "RB": 5500, "LV": 1, "RM": 1199, "TT": 0}, "CanBecomeCharacter": false, "IsStackable": true, "IsTradable": false, "IsLimitedEdition": false, "InitialLimitedEditionCount": 0}, {"ItemId": "Glue", "CatalogVersion": "PlayFab", "DisplayName": "Glue", "VirtualCurrencyPrices": {"BN": 1200, "RB": 1000, "CV": 1, "RM": 399, "TT": 0}, "CanBecomeCharacter": false, "IsStackable": false, "IsTradable": false, "IsLimitedEdition": false, "InitialLimitedEditionCount": 0}, {"ItemId": "Grenade", "CatalogVersion": "PlayFab", "DisplayName": "Grenade", "VirtualCurrencyPrices": {"BN": 3000, "RB": 2500, "RV": 1, "RM": 998, "TT": 0}, "CanBecomeCharacter": false, "IsStackable": true, "IsTradable": false, "IsLimitedEdition": false, "InitialLimitedEditionCount": 0}, {"ItemId": "Groucho_Marx_Glasses", "CatalogVersion": "PlayFab", "DisplayName": "Groucho Specs", "VirtualCurrencyPrices": {"BN": 3000, "RB": 2500, "RV": 1, "RM": 998, "TT": 0}, "CanBecomeCharacter": false, "IsStackable": true, "IsTradable": false, "IsLimitedEdition": false, "InitialLimitedEditionCount": 0}, {"ItemId": "Head_Bandana", "CatalogVersion": "PlayFab", "DisplayName": "Bandana", "VirtualCurrencyPrices": {"BN": 1200, "RB": 500, "CV": 1, "RM": 399, "TT": 0}, "CanBecomeCharacter": false, "IsStackable": true, "IsTradable": false, "IsLimitedEdition": false, "InitialLimitedEditionCount": 0}, {"ItemId": "Headphones", "CatalogVersion": "PlayFab", "DisplayName": "Headphones", "VirtualCurrencyPrices": {"BN": 18750, "RB": 5500, "LV": 1, "RM": 6238, "TT": 0}, "CanBecomeCharacter": false, "IsStackable": true, "IsTradable": false, "IsLimitedEdition": false, "InitialLimitedEditionCount": 0}, {"ItemId": "Heart_Doo", "CatalogVersion": "PlayFab", "DisplayName": "Sweetfarts Candy", "VirtualCurrencyPrices": {"BN": 18750, "RB": 5000, "LV": 1, "RM": 6238, "TT": 0}, "CanBecomeCharacter": false, "IsStackable": false, "IsTradable": false, "IsLimitedEdition": false, "InitialLimitedEditionCount": 0}, {"ItemId": "Heart_Glasses", "CatalogVersion": "PlayFab", "DisplayName": "Rose Tints", "VirtualCurrencyPrices": {"BN": 1200, "RB": 1500, "CV": 1, "RM": 399, "TT": 0}, "CanBecomeCharacter": false, "IsStackable": true, "IsTradable": false, "IsLimitedEdition": false, "InitialLimitedEditionCount": 0}, {"ItemId": "Hedgehog", "CatalogVersion": "PlayFab", "DisplayName": "Hedgehog", "VirtualCurrencyPrices": {"BN": 18750, "RB": 5500, "LV": 1, "RM": 6238, "TT": 0}, "CanBecomeCharacter": false, "IsStackable": true, "IsTradable": false, "IsLimitedEdition": false, "InitialLimitedEditionCount": 0}, {"ItemId": "Hockey_Mask", "CatalogVersion": "PlayFab", "DisplayName": "Hockey Mask", "VirtualCurrencyPrices": {"BN": 1200, "RB": 1500, "CV": 1, "RM": 399, "TT": 0}, "CanBecomeCharacter": false, "IsStackable": true, "IsTradable": false, "IsLimitedEdition": false, "InitialLimitedEditionCount": 0}, {"ItemId": "Hoop_Earrings", "CatalogVersion": "PlayFab", "DisplayName": "Hoop Earrings", "VirtualCurrencyPrices": {"BN": 1200, "RB": 500, "CV": 1, "RM": 399, "TT": 0}, "CanBecomeCharacter": false, "IsStackable": true, "IsTradable": false, "IsLimitedEdition": false, "InitialLimitedEditionCount": 0}, {"ItemId": "HotDoog", "CatalogVersion": "PlayFab", "DisplayName": "Hot Doog", "VirtualCurrencyPrices": {"BN": 3000, "RB": 2500, "RV": 1, "RM": 998, "TT": 0}, "CanBecomeCharacter": false, "IsStackable": true, "IsTradable": false, "IsLimitedEdition": false, "InitialLimitedEditionCount": 0}, {"ItemId": "IceCreamCone_Hat", "CatalogVersion": "PlayFab", "DisplayName": "Double Poop-Scoop", "VirtualCurrencyPrices": {"BN": 3000, "RB": 2500, "RV": 1, "RM": 998, "TT": 0}, "CanBecomeCharacter": false, "IsStackable": true, "IsTradable": false, "IsLimitedEdition": false, "InitialLimitedEditionCount": 0}, {"ItemId": "IceCreamSandwich", "CatalogVersion": "PlayFab", "DisplayName": "Ice Cream Sandwich", "VirtualCurrencyPrices": {"BN": 1200, "RB": 1500, "CV": 1, "RM": 399, "TT": 0}, "CanBecomeCharacter": false, "IsStackable": true, "IsTradable": false, "IsLimitedEdition": false, "InitialLimitedEditionCount": 0}, {"ItemId": "JackOLantern_Doo", "CatalogVersion": "PlayFab", "DisplayName": "Jack O' Lantern", "VirtualCurrencyPrices": {"BN": 18750, "RB": 0, "LV": 1, "RM": 6238, "TT": 0}, "CanBecomeCharacter": false, "IsStackable": true, "IsTradable": false, "IsLimitedEdition": false, "InitialLimitedEditionCount": 0}, {"ItemId": "JackOLantern_Head", "CatalogVersion": "PlayFab", "DisplayName": "Ichabod's Bane", "VirtualCurrencyPrices": {"BN": 3000, "RB": 3000, "RV": 1, "RM": 998, "TT": 0}, "CanBecomeCharacter": false, "IsStackable": true, "IsTradable": false, "IsLimitedEdition": false, "InitialLimitedEditionCount": 0}, {"ItemId": "Jester_Hat", "CatalogVersion": "PlayFab", "DisplayName": "Jester Hat", "VirtualCurrencyPrices": {"BN": 1200, "RB": 1500, "CV": 1, "RM": 399, "TT": 0}, "CanBecomeCharacter": false, "IsStackable": true, "IsTradable": false, "IsLimitedEdition": false, "InitialLimitedEditionCount": 0}, {"ItemId": "Kasa_Hat", "CatalogVersion": "PlayFab", "DisplayName": "Kasa Hat", "VirtualCurrencyPrices": {"BN": 1200, "RB": 1500, "CV": 1, "RM": 399, "TT": 0}, "CanBecomeCharacter": false, "IsStackable": true, "IsTradable": false, "IsLimitedEdition": false, "InitialLimitedEditionCount": 0}, {"ItemId": "Kitsune_Mask", "CatalogVersion": "PlayFab", "DisplayName": "Kitsune Mask", "VirtualCurrencyPrices": {"BN": 1200, "RB": 1000, "CV": 1, "RM": 399, "TT": 0}, "CanBecomeCharacter": false, "IsStackable": true, "IsTradable": false, "IsLimitedEdition": false, "InitialLimitedEditionCount": 0}, {"ItemId": "Lamp_Shade", "CatalogVersion": "PlayFab", "DisplayName": "Lamp Shade", "VirtualCurrencyPrices": {"BN": 1200, "RB": 1000, "CV": 1, "RM": 399, "TT": 0}, "CanBecomeCharacter": false, "IsStackable": true, "IsTradable": false, "IsLimitedEdition": false, "InitialLimitedEditionCount": 0}, {"ItemId": "LeafEars", "CatalogVersion": "PlayFab", "DisplayName": "Leafy Ears, They Are", "VirtualCurrencyPrices": {"BN": 3000, "RB": 3000, "RV": 1, "RM": 998, "TT": 0}, "CanBecomeCharacter": false, "IsStackable": true, "IsTradable": false, "IsLimitedEdition": false, "InitialLimitedEditionCount": 0}, {"ItemId": "Leo_Hair", "CatalogVersion": "PlayFab", "DisplayName": "Leo Hair", "VirtualCurrencyPrices": {"BN": 18750, "RB": 5500, "LV": 1, "RM": 6238, "TT": 0}, "CanBecomeCharacter": false, "IsStackable": false, "IsTradable": false, "IsLimitedEdition": false, "InitialLimitedEditionCount": 0}, {"ItemId": "Leprechaun", "CatalogVersion": "PlayFab", "DisplayName": "Leprechaun", "VirtualCurrencyPrices": {"BN": 7500, "RB": 4000, "EV": 1, "RM": 2495, "TT": 0}, "CanBecomeCharacter": false, "IsStackable": true, "IsTradable": false, "IsLimitedEdition": false, "InitialLimitedEditionCount": 0}, {"ItemId": "Lucky_Cloud", "CatalogVersion": "PlayFab", "DisplayName": "Lucky Cloud", "VirtualCurrencyPrices": {"BN": 3000, "RB": 2500, "RV": 1, "RM": 998, "TT": 0}, "CanBecomeCharacter": false, "IsStackable": true, "IsTradable": false, "IsLimitedEdition": false, "InitialLimitedEditionCount": 0}, {"ItemId": "Lucky_Clover", "CatalogVersion": "PlayFab", "DisplayName": "Lucky Clover", "VirtualCurrencyPrices": {"BN": 3000, "RB": 2500, "RV": 1, "RM": 998, "TT": 0}, "CanBecomeCharacter": false, "IsStackable": true, "IsTradable": false, "IsLimitedEdition": false, "InitialLimitedEditionCount": 0}, {"ItemId": "Lucky_HorseShoe", "CatalogVersion": "PlayFab", "DisplayName": "Lucky Horseshoe", "VirtualCurrencyPrices": {"BN": 3000, "RB": 2500, "RV": 1, "RM": 998, "TT": 0}, "CanBecomeCharacter": false, "IsStackable": true, "IsTradable": false, "IsLimitedEdition": false, "InitialLimitedEditionCount": 0}, {"ItemId": "Lucky_Star", "CatalogVersion": "PlayFab", "DisplayName": "Lucky Star", "VirtualCurrencyPrices": {"BN": 3000, "RB": 2500, "RV": 1, "RM": 998, "TT": 0}, "CanBecomeCharacter": false, "IsStackable": true, "IsTradable": false, "IsLimitedEdition": false, "InitialLimitedEditionCount": 0}, {"ItemId": "Marshmallow", "CatalogVersion": "PlayFab", "DisplayName": "Marshmallow", "VirtualCurrencyPrices": {"BN": 1200, "RB": 500, "CV": 1, "RM": 399, "TT": 0}, "CanBecomeCharacter": false, "IsStackable": true, "IsTradable": false, "IsLimitedEdition": false, "InitialLimitedEditionCount": 0}, {"ItemId": "Mask_Zuck", "CatalogVersion": "PlayFab", "DisplayName": "Mask Zuckerberg", "VirtualCurrencyPrices": {"BN": 1200, "RB": 500, "CV": 1, "RM": 399, "TT": 0}, "CanBecomeCharacter": false, "IsStackable": true, "IsTradable": false, "IsLimitedEdition": false, "InitialLimitedEditionCount": 0}, {"ItemId": "Medical_Facemask", "CatalogVersion": "PlayFab", "DisplayName": "CDC Battle Armor", "VirtualCurrencyPrices": {"BN": 1200, "RB": 1000, "CV": 1, "RM": 399, "TT": 0}, "CanBecomeCharacter": false, "IsStackable": true, "IsTradable": false, "IsLimitedEdition": false, "InitialLimitedEditionCount": 0}, {"ItemId": "Meta_Glasses", "CatalogVersion": "PlayFab", "DisplayName": "Meta Glasses", "VirtualCurrencyPrices": {"BN": 18750, "RB": 5500, "LV": 1, "RM": 6238, "TT": 0}, "CanBecomeCharacter": false, "IsStackable": false, "IsTradable": false, "IsLimitedEdition": false, "InitialLimitedEditionCount": 0}, {"ItemId": "Metal_Pot", "CatalogVersion": "PlayFab", "DisplayName": "Metal Pot", "VirtualCurrencyPrices": {"BN": 1200, "RB": 500, "CV": 1, "RM": 399, "TT": 0}, "CanBecomeCharacter": false, "IsStackable": true, "IsTradable": false, "IsLimitedEdition": false, "InitialLimitedEditionCount": 0}, {"ItemId": "Microphone", "CatalogVersion": "PlayFab", "DisplayName": "Mic-Plop", "VirtualCurrencyPrices": {"BN": 3000, "RB": 3000, "RV": 1, "RM": 998, "TT": 0}, "CanBecomeCharacter": false, "IsStackable": true, "IsTradable": false, "IsLimitedEdition": false, "InitialLimitedEditionCount": 0}, {"ItemId": "MilkCarton", "CatalogVersion": "PlayFab", "DisplayName": "Milk Carton", "VirtualCurrencyPrices": {"BN": 1200, "RB": 1000, "CV": 1, "RM": 399, "TT": 0}, "CanBecomeCharacter": false, "IsStackable": false, "IsTradable": false, "IsLimitedEdition": false, "InitialLimitedEditionCount": 0}, {"ItemId": "Milkshake", "CatalogVersion": "PlayFab", "DisplayName": "Milkshake", "VirtualCurrencyPrices": {"BN": 3000, "RB": 2500, "RV": 1, "RM": 998, "TT": 0}, "CanBecomeCharacter": false, "IsStackable": true, "IsTradable": false, "IsLimitedEdition": false, "InitialLimitedEditionCount": 0}, {"ItemId": "Minimalist_Viking", "CatalogVersion": "PlayFab", "DisplayName": "Viking64 Helmet", "VirtualCurrencyPrices": {"BN": 99999, "RB": 9999, "RV": 1, "RM": 998, "TT": 0}, "CanBecomeCharacter": false, "IsStackable": true, "IsTradable": false, "IsLimitedEdition": false, "InitialLimitedEditionCount": 0}, {"ItemId": "Mittens", "CatalogVersion": "PlayFab", "DisplayName": "Mittens", "VirtualCurrencyPrices": {"BN": 1200, "RB": 1500, "CV": 1, "RM": 399, "TT": 0}, "CanBecomeCharacter": false, "IsStackable": true, "IsTradable": false, "IsLimitedEdition": false, "InitialLimitedEditionCount": 0}, {"ItemId": "MM_BaldUakari", "CatalogVersion": "PlayFab", "DisplayName": "Bald Uakari", "VirtualCurrencyPrices": {"BN": 1200, "RB": 1000, "CV": 1, "RM": 399, "TT": 0}, "CanBecomeCharacter": false, "IsStackable": true, "IsTradable": false, "IsLimitedEdition": false, "InitialLimitedEditionCount": 0}, {"ItemId": "MM_BarbaryMacaque", "CatalogVersion": "PlayFab", "DisplayName": "Barbary Macaque", "VirtualCurrencyPrices": {"BN": 1200, "RB": 1000, "CV": 1, "RM": 399, "TT": 0}, "CanBecomeCharacter": false, "IsStackable": true, "IsTradable": false, "IsLimitedEdition": false, "InitialLimitedEditionCount": 0}, {"ItemId": "MM_CelebesCrestedMacaque", "CatalogVersion": "PlayFab", "DisplayName": "Crested Macaque", "VirtualCurrencyPrices": {"BN": 3000, "RB": 2500, "RV": 1, "RM": 998, "TT": 0}, "CanBecomeCharacter": false, "IsStackable": true, "IsTradable": false, "IsLimitedEdition": false, "InitialLimitedEditionCount": 0}, {"ItemId": "MM_Chimpanzee", "CatalogVersion": "PlayFab", "DisplayName": "Chimpanzee", "VirtualCurrencyPrices": {"BN": 3000, "RB": 2500, "RV": 1, "RM": 998, "TT": 0}, "CanBecomeCharacter": false, "IsStackable": true, "IsTradable": false, "IsLimitedEdition": false, "InitialLimitedEditionCount": 0}, {"ItemId": "MM_DeBazzasMonkey", "CatalogVersion": "PlayFab", "DisplayName": "DeBrazzas Monkey", "VirtualCurrencyPrices": {"BN": 1200, "RB": 1000, "CV": 1, "RM": 399, "TT": 0}, "CanBecomeCharacter": false, "IsStackable": true, "IsTradable": false, "IsLimitedEdition": false, "InitialLimitedEditionCount": 0}, {"ItemId": "MM_EmperorTamarin", "CatalogVersion": "PlayFab", "DisplayName": "Emperor Tamarin", "VirtualCurrencyPrices": {"BN": 1200, "RB": 1000, "CV": 1, "RM": 399, "TT": 0}, "CanBecomeCharacter": false, "IsStackable": true, "IsTradable": false, "IsLimitedEdition": false, "InitialLimitedEditionCount": 0}, {"ItemId": "MM_GeesGoldenLangur", "CatalogVersion": "PlayFab", "DisplayName": "Gees Langur", "VirtualCurrencyPrices": {"BN": 3000, "RB": 2500, "RV": 1, "RM": 998, "TT": 0}, "CanBecomeCharacter": false, "IsStackable": true, "IsTradable": false, "IsLimitedEdition": false, "InitialLimitedEditionCount": 0}, {"ItemId": "MM_GoldenLionTamarin", "CatalogVersion": "PlayFab", "DisplayName": "Lion Tamarin", "VirtualCurrencyPrices": {"BN": 1200, "RB": 1000, "CV": 1, "RM": 399, "TT": 0}, "CanBecomeCharacter": false, "IsStackable": true, "IsTradable": false, "IsLimitedEdition": false, "InitialLimitedEditionCount": 0}, {"ItemId": "MM_Gorilla", "CatalogVersion": "PlayFab", "DisplayName": "Gorilla", "VirtualCurrencyPrices": {"BN": 3000, "RB": 2500, "RV": 1, "RM": 998, "TT": 0}, "CanBecomeCharacter": false, "IsStackable": true, "IsTradable": false, "IsLimitedEdition": false, "InitialLimitedEditionCount": 0}, {"ItemId": "MM_Howler_Monkey", "CatalogVersion": "PlayFab", "DisplayName": "Howler Monkey", "VirtualCurrencyPrices": {"BN": 3000, "RB": 2500, "RV": 1, "RM": 998, "TT": 0}, "CanBecomeCharacter": false, "IsStackable": true, "IsTradable": false, "IsLimitedEdition": false, "InitialLimitedEditionCount": 0}, {"ItemId": "MM_LesulaMonkey", "CatalogVersion": "PlayFab", "DisplayName": "Lesula Monkey", "VirtualCurrencyPrices": {"BN": 1200, "RB": 1000, "CV": 1, "RM": 399, "TT": 0}, "CanBecomeCharacter": false, "IsStackable": true, "IsTradable": false, "IsLimitedEdition": false, "InitialLimitedEditionCount": 0}, {"ItemId": "MM_LionTailedMacaque", "CatalogVersion": "PlayFab", "DisplayName": "Lion Tail Macaque", "VirtualCurrencyPrices": {"BN": 1200, "RB": 1000, "CV": 1, "RM": 399, "TT": 0}, "CanBecomeCharacter": false, "IsStackable": true, "IsTradable": false, "IsLimitedEdition": false, "InitialLimitedEditionCount": 0}, {"ItemId": "MM_MandrillBaboon", "CatalogVersion": "PlayFab", "DisplayName": "Mandrill Baboon", "VirtualCurrencyPrices": {"BN": 1200, "RB": 1000, "CV": 1, "RM": 399, "TT": 0}, "CanBecomeCharacter": false, "IsStackable": true, "IsTradable": false, "IsLimitedEdition": false, "InitialLimitedEditionCount": 0}, {"ItemId": "MM_MantledGuereza", "CatalogVersion": "PlayFab", "DisplayName": "Mantled Guereza", "VirtualCurrencyPrices": {"BN": 1200, "RB": 1000, "CV": 1, "RM": 399, "TT": 0}, "CanBecomeCharacter": false, "IsStackable": true, "IsTradable": false, "IsLimitedEdition": false, "InitialLimitedEditionCount": 0}, {"ItemId": "MM_Orangutan", "CatalogVersion": "PlayFab", "DisplayName": "Orangutan", "VirtualCurrencyPrices": {"BN": 1200, "RB": 1000, "CV": 1, "RM": 399, "TT": 0}, "CanBecomeCharacter": false, "IsStackable": true, "IsTradable": false, "IsLimitedEdition": false, "InitialLimitedEditionCount": 0}, {"ItemId": "MM_ProboscisMonkey", "CatalogVersion": "PlayFab", "DisplayName": "Proboscis Monkey", "VirtualCurrencyPrices": {"BN": 1200, "RB": 1000, "CV": 1, "RM": 399, "TT": 0}, "CanBecomeCharacter": false, "IsStackable": true, "IsTradable": false, "IsLimitedEdition": false, "InitialLimitedEditionCount": 0}, {"ItemId": "MM_RedBackedBeardedSaki", "CatalogVersion": "PlayFab", "DisplayName": "Bearded Saki", "VirtualCurrencyPrices": {"BN": 3000, "RB": 2500, "RV": 1, "RM": 998, "TT": 0}, "CanBecomeCharacter": false, "IsStackable": true, "IsTradable": false, "IsLimitedEdition": false, "InitialLimitedEditionCount": 0}, {"ItemId": "MM_RedShankedDouc", "CatalogVersion": "PlayFab", "DisplayName": "Shanked Douc", "VirtualCurrencyPrices": {"BN": 3000, "RB": 2500, "RV": 1, "RM": 998, "TT": 0}, "CanBecomeCharacter": false, "IsStackable": true, "IsTradable": false, "IsLimitedEdition": false, "InitialLimitedEditionCount": 0}, {"ItemId": "MM_RingTailedLemur", "CatalogVersion": "PlayFab", "DisplayName": "Ring Tailed Lemur", "VirtualCurrencyPrices": {"BN": 3000, "RB": 2500, "RV": 1, "RM": 998, "TT": 0}, "CanBecomeCharacter": false, "IsStackable": true, "IsTradable": false, "IsLimitedEdition": false, "InitialLimitedEditionCount": 0}, {"ItemId": "MM_SnowMonkey", "CatalogVersion": "PlayFab", "DisplayName": "Snow Monkey", "VirtualCurrencyPrices": {"BN": 1200, "RB": 1000, "CV": 1, "RM": 399, "TT": 0}, "CanBecomeCharacter": false, "IsStackable": true, "IsTradable": false, "IsLimitedEdition": false, "InitialLimitedEditionCount": 0}, {"ItemId": "MM_SnubNoseGoldenMonkey", "CatalogVersion": "PlayFab", "DisplayName": "Snub Nose Monkey", "VirtualCurrencyPrices": {"BN": 1200, "RB": 1000, "CV": 1, "RM": 399, "TT": 0}, "CanBecomeCharacter": false, "IsStackable": true, "IsTradable": false, "IsLimitedEdition": false, "InitialLimitedEditionCount": 0}, {"ItemId": "MM_SpiderMonkey", "CatalogVersion": "PlayFab", "DisplayName": "Spider Monkey", "VirtualCurrencyPrices": {"BN": 3000, "RB": 2500, "RV": 1, "RM": 998, "TT": 0}, "CanBecomeCharacter": false, "IsStackable": true, "IsTradable": false, "IsLimitedEdition": false, "InitialLimitedEditionCount": 0}, {"ItemId": "MM_SquirrelMonkey", "CatalogVersion": "PlayFab", "DisplayName": "Squirrel Monkey", "VirtualCurrencyPrices": {"BN": 3000, "RB": 2500, "RV": 1, "RM": 998, "TT": 0}, "CanBecomeCharacter": false, "IsStackable": true, "IsTradable": false, "IsLimitedEdition": false, "InitialLimitedEditionCount": 0}, {"ItemId": "MM_Tarsier", "CatalogVersion": "PlayFab", "DisplayName": "Tarsier", "VirtualCurrencyPrices": {"BN": 1200, "RB": 1000, "CV": 1, "RM": 399, "TT": 0}, "CanBecomeCharacter": false, "IsStackable": true, "IsTradable": false, "IsLimitedEdition": false, "InitialLimitedEditionCount": 0}, {"ItemId": "MM_WhiteBaboon", "CatalogVersion": "PlayFab", "DisplayName": "White Baboon", "VirtualCurrencyPrices": {"BN": 3000, "RB": 2500, "RV": 1, "RM": 998, "TT": 0}, "CanBecomeCharacter": false, "IsStackable": true, "IsTradable": false, "IsLimitedEdition": false, "InitialLimitedEditionCount": 0}, {"ItemId": "MOD_Text", "CatalogVersion": "PlayFab", "DisplayName": "Mod", "VirtualCurrencyPrices": {"BN": 18750, "RB": 5500, "LV": 1, "RM": 6238, "TT": 0}, "CanBecomeCharacter": false, "IsStackable": false, "IsTradable": false, "IsLimitedEdition": false, "InitialLimitedEditionCount": 0}, {"ItemId": "MonkeBouncers", "CatalogVersion": "PlayFab", "DisplayName": "Monke Bouncers", "VirtualCurrencyPrices": {"BN": 18750, "RB": 0, "LV": 1, "RM": 6238, "TT": 0}, "CanBecomeCharacter": false, "IsStackable": false, "IsTradable": false, "IsLimitedEdition": false, "InitialLimitedEditionCount": 0}, {"ItemId": "MonkeyMask", "CatalogVersion": "PlayFab", "DisplayName": "Monkey Mask", "VirtualCurrencyPrices": {"BN": 1200, "RB": 500, "CV": 1, "RM": 399, "TT": 0}, "CanBecomeCharacter": false, "IsStackable": true, "IsTradable": false, "IsLimitedEdition": false, "InitialLimitedEditionCount": 0}, {"ItemId": "MonkeysRealm", "CatalogVersion": "PlayFab", "DisplayName": "Monkey's Realm", "VirtualCurrencyPrices": {"BN": 18750, "RB": 0, "LV": 1, "RM": 6238, "TT": 0}, "CanBecomeCharacter": false, "IsStackable": false, "IsTradable": false, "IsLimitedEdition": false, "InitialLimitedEditionCount": 0}, {"ItemId": "Moose_Antlers", "CatalogVersion": "PlayFab", "DisplayName": "Moose Antlers", "VirtualCurrencyPrices": {"BN": 3000, "RB": 3000, "RV": 1, "RM": 998, "TT": 0}, "CanBecomeCharacter": false, "IsStackable": true, "IsTradable": false, "IsLimitedEdition": false, "InitialLimitedEditionCount": 0}, {"ItemId": "NanaPancakes", "CatalogVersion": "PlayFab", "DisplayName": "Nana Pancakes", "VirtualCurrencyPrices": {"BN": 7500, "RB": 3500, "EV": 1, "RM": 2495, "TT": 0}, "CanBecomeCharacter": false, "IsStackable": false, "IsTradable": false, "IsLimitedEdition": false, "InitialLimitedEditionCount": 0}, {"ItemId": "Nerd_Glasses", "CatalogVersion": "PlayFab", "DisplayName": "Nerd Glasses", "VirtualCurrencyPrices": {"BN": 1200, "RB": 500, "CV": 1, "RM": 399, "TT": 0}, "CanBecomeCharacter": false, "IsStackable": true, "IsTradable": false, "IsLimitedEdition": false, "InitialLimitedEditionCount": 0}, {"ItemId": "Night_Vision_Goggles", "CatalogVersion": "PlayFab", "DisplayName": "Night Vision Goggles", "VirtualCurrencyPrices": {"BN": 3000, "RB": 3000, "RV": 1, "RM": 998, "TT": 0}, "CanBecomeCharacter": false, "IsStackable": true, "IsTradable": false, "IsLimitedEdition": false, "InitialLimitedEditionCount": 0}, {"ItemId": "Ninja_HeadBand", "CatalogVersion": "PlayFab", "DisplayName": "Hidden Doo Head Band", "VirtualCurrencyPrices": {"BN": 1200, "RB": 1500, "CV": 1, "RM": 399, "TT": 0}, "CanBecomeCharacter": false, "IsStackable": true, "IsTradable": false, "IsLimitedEdition": false, "InitialLimitedEditionCount": 0}, {"ItemId": "OG_Glasses", "CatalogVersion": "PlayFab", "DisplayName": "OG Glasses", "VirtualCurrencyPrices": {"BN": 18750, "RB": 5500, "LV": 1, "RM": 6238, "TT": 0}, "CanBecomeCharacter": false, "IsStackable": false, "IsTradable": false, "IsLimitedEdition": false, "InitialLimitedEditionCount": 0}, {"ItemId": "Olympic_Medal", "CatalogVersion": "PlayFab", "DisplayName": "Olympic Medal", "VirtualCurrencyPrices": {"BN": 1200, "RB": 1000, "CV": 1, "RM": 399, "TT": 0}, "CanBecomeCharacter": false, "IsStackable": false, "IsTradable": false, "IsLimitedEdition": false, "InitialLimitedEditionCount": 0}, {"ItemId": "Olympic_Podium", "CatalogVersion": "PlayFab", "DisplayName": "Olympic Podium", "VirtualCurrencyPrices": {"BN": 7500, "RB": 4000, "EV": 1, "RM": 2495, "TT": 0}, "CanBecomeCharacter": false, "IsStackable": false, "IsTradable": false, "IsLimitedEdition": false, "InitialLimitedEditionCount": 0}, {"ItemId": "Olympic_Rings", "CatalogVersion": "PlayFab", "DisplayName": "Olympic Rings", "VirtualCurrencyPrices": {"BN": 1200, "RB": 1000, "CV": 1, "RM": 399, "TT": 0}, "CanBecomeCharacter": false, "IsStackable": false, "IsTradable": false, "IsLimitedEdition": false, "InitialLimitedEditionCount": 0}, {"ItemId": "Olympic_Torch", "CatalogVersion": "PlayFab", "DisplayName": "Olympic Torch", "VirtualCurrencyPrices": {"BN": 3000, "RB": 2500, "RV": 1, "RM": 998, "TT": 0}, "CanBecomeCharacter": false, "IsStackable": false, "IsTradable": false, "IsLimitedEdition": false, "InitialLimitedEditionCount": 0}, {"ItemId": "Oni_FaceMask", "CatalogVersion": "PlayFab", "DisplayName": "Oni Face Mask", "VirtualCurrencyPrices": {"BN": 3000, "RB": 2500, "RV": 1, "RM": 998, "TT": 0}, "CanBecomeCharacter": false, "IsStackable": true, "IsTradable": false, "IsLimitedEdition": false, "InitialLimitedEditionCount": 0}, {"ItemId": "Ornaments", "CatalogVersion": "PlayFab", "DisplayName": "Ornaments", "VirtualCurrencyPrices": {"BN": 18750, "RB": 5000, "LV": 1, "RM": 599, "TT": 0}, "CanBecomeCharacter": false, "IsStackable": false, "IsTradable": false, "IsLimitedEdition": false, "InitialLimitedEditionCount": 0}, {"ItemId": "Pacifier", "CatalogVersion": "PlayFab", "DisplayName": "Pacifier", "VirtualCurrencyPrices": {"BN": 1200, "RB": 1000, "CV": 1, "RM": 399, "TT": 0}, "CanBecomeCharacter": false, "IsStackable": true, "IsTradable": false, "IsLimitedEdition": false, "InitialLimitedEditionCount": 0}, {"ItemId": "PaintballMask", "CatalogVersion": "PlayFab", "DisplayName": "Hawke VR Mask", "VirtualCurrencyPrices": {"BN": 18750, "RB": 5500, "LV": 1, "RM": 6238, "TT": 0}, "CanBecomeCharacter": false, "IsStackable": false, "IsTradable": false, "IsLimitedEdition": false, "InitialLimitedEditionCount": 0}, {"ItemId": "Paper_Bag", "CatalogVersion": "PlayFab", "DisplayName": "Paper Bag", "VirtualCurrencyPrices": {"BN": 1200, "RB": 1000, "CV": 1, "RM": 399, "TT": 0}, "CanBecomeCharacter": false, "IsStackable": true, "IsTradable": false, "IsLimitedEdition": false, "InitialLimitedEditionCount": 0}, {"ItemId": "Pencil", "CatalogVersion": "PlayFab", "DisplayName": "Pencil", "VirtualCurrencyPrices": {"BN": 1200, "RB": 1000, "CV": 1, "RM": 399, "TT": 0}, "CanBecomeCharacter": false, "IsStackable": false, "IsTradable": false, "IsLimitedEdition": false, "InitialLimitedEditionCount": 0}, {"ItemId": "PenguinParadise", "CatalogVersion": "PlayFab", "DisplayName": "Penguin Paradise", "VirtualCurrencyPrices": {"BN": 18750, "RB": 0, "LV": 1, "RM": 6238, "TT": 0}, "CanBecomeCharacter": false, "IsStackable": false, "IsTradable": false, "IsLimitedEdition": false, "InitialLimitedEditionCount": 0}, {"ItemId": "Pie", "CatalogVersion": "PlayFab", "DisplayName": "Cow Pie", "VirtualCurrencyPrices": {"BN": 3000, "RB": 2500, "RV": 1, "RM": 998, "TT": 0}, "CanBecomeCharacter": false, "IsStackable": true, "IsTradable": false, "IsLimitedEdition": false, "InitialLimitedEditionCount": 0}, {"ItemId": "Pilgrim_Hat", "CatalogVersion": "PlayFab", "DisplayName": "Pilgrim Hat", "VirtualCurrencyPrices": {"BN": 1200, "RB": 1000, "CV": 1, "RM": 399, "TT": 0}, "CanBecomeCharacter": false, "IsStackable": true, "IsTradable": false, "IsLimitedEdition": false, "InitialLimitedEditionCount": 0}, {"ItemId": "Pillow_Helmet", "CatalogVersion": "PlayFab", "DisplayName": "Pillow Helmet", "VirtualCurrencyPrices": {"BN": 3000, "RB": 2500, "RV": 1, "RM": 998, "TT": 0}, "CanBecomeCharacter": false, "IsStackable": true, "IsTradable": false, "IsLimitedEdition": false, "InitialLimitedEditionCount": 0}, {"ItemId": "Pilot_Helmet", "CatalogVersion": "PlayFab", "DisplayName": "Pilot Helmet", "VirtualCurrencyPrices": {"BN": 3000, "RB": 2500, "RV": 1, "RM": 998, "TT": 0}, "CanBecomeCharacter": false, "IsStackable": true, "IsTradable": false, "IsLimitedEdition": false, "InitialLimitedEditionCount": 0}, {"ItemId": "PilotHat", "CatalogVersion": "PlayFab", "DisplayName": "Pilot Hat", "VirtualCurrencyPrices": {"BN": 1200, "RB": 1500, "CV": 1, "RM": 399, "TT": 0}, "CanBecomeCharacter": false, "IsStackable": true, "IsTradable": false, "IsLimitedEdition": false, "InitialLimitedEditionCount": 0}, {"ItemId": "Pirate_EyePatch", "CatalogVersion": "PlayFab", "DisplayName": "Eye Patch", "VirtualCurrencyPrices": {"BN": 1200, "RB": 500, "CV": 1, "RM": 399, "TT": 0}, "CanBecomeCharacter": false, "IsStackable": true, "IsTradable": false, "IsLimitedEdition": false, "InitialLimitedEditionCount": 0}, {"ItemId": "Pirate_Hat", "CatalogVersion": "PlayFab", "DisplayName": "Pirate Hat", "VirtualCurrencyPrices": {"BN": 1200, "RB": 1000, "CV": 1, "RM": 399, "TT": 0}, "CanBecomeCharacter": false, "IsStackable": true, "IsTradable": false, "IsLimitedEdition": false, "InitialLimitedEditionCount": 0}, {"ItemId": "Pirate_Ship_Hat", "CatalogVersion": "PlayFab", "DisplayName": "Curse of the Black Turd", "VirtualCurrencyPrices": {"BN": 18750, "RB": 5500, "LV": 1, "RM": 6238, "TT": 0}, "CanBecomeCharacter": false, "IsStackable": true, "IsTradable": false, "IsLimitedEdition": false, "InitialLimitedEditionCount": 0}, {"ItemId": "PixelDoo", "CatalogVersion": "PlayFab", "DisplayName": "Pixel Doo", "VirtualCurrencyPrices": {"BN": 1200, "RB": 1000, "CV": 1, "RM": 399, "TT": 0}, "CanBecomeCharacter": false, "IsStackable": true, "IsTradable": false, "IsLimitedEdition": false, "InitialLimitedEditionCount": 0}, {"ItemId": "Plunger", "CatalogVersion": "PlayFab", "DisplayName": "Plunger", "VirtualCurrencyPrices": {"BN": 1200, "RB": 1000, "CV": 1, "RM": 399, "TT": 0}, "CanBecomeCharacter": false, "IsStackable": true, "IsTradable": false, "IsLimitedEdition": false, "InitialLimitedEditionCount": 0}, {"ItemId": "Popsicle", "CatalogVersion": "PlayFab", "DisplayName": "Poopsicle", "VirtualCurrencyPrices": {"BN": 1200, "RB": 1000, "CV": 1, "RM": 399, "TT": 0}, "CanBecomeCharacter": false, "IsStackable": true, "IsTradable": false, "IsLimitedEdition": false, "InitialLimitedEditionCount": 0}, {"ItemId": "Powdered_Wig", "CatalogVersion": "PlayFab", "DisplayName": "Powdered Wig", "VirtualCurrencyPrices": {"BN": 1200, "RB": 1000, "CV": 1, "RM": 399, "TT": 0}, "CanBecomeCharacter": false, "IsStackable": true, "IsTradable": false, "IsLimitedEdition": false, "InitialLimitedEditionCount": 0}, {"ItemId": "Professor_DooDoo", "CatalogVersion": "PlayFab", "DisplayName": "Professor Doo Doo", "VirtualCurrencyPrices": {"BN": 7500, "RB": 4500, "EV": 1, "RM": 2495, "TT": 0}, "CanBecomeCharacter": false, "IsStackable": true, "IsTradable": false, "IsLimitedEdition": false, "InitialLimitedEditionCount": 0}, {"ItemId": "Propeller_Hat", "CatalogVersion": "PlayFab", "DisplayName": "Propeller Hat", "VirtualCurrencyPrices": {"BN": 1200, "RB": 1000, "CV": 1, "RM": 399, "TT": 0}, "CanBecomeCharacter": false, "IsStackable": true, "IsTradable": false, "IsLimitedEdition": false, "InitialLimitedEditionCount": 0}, {"ItemId": "Protection_Goggles", "CatalogVersion": "PlayFab", "DisplayName": "Poop Protection Goggles", "VirtualCurrencyPrices": {"BN": 1200, "RB": 1000, "CV": 1, "RM": 399, "TT": 0}, "CanBecomeCharacter": false, "IsStackable": true, "IsTradable": false, "IsLimitedEdition": false, "InitialLimitedEditionCount": 0}, {"ItemId": "Punk_Earrings", "CatalogVersion": "PlayFab", "DisplayName": "Punk Earrings", "VirtualCurrencyPrices": {"BN": 1200, "RB": 500, "CV": 1, "RM": 399, "TT": 0}, "CanBecomeCharacter": false, "IsStackable": true, "IsTradable": false, "IsLimitedEdition": false, "InitialLimitedEditionCount": 0}, {"ItemId": "Rainbow", "CatalogVersion": "PlayFab", "DisplayName": "Rainbow", "VirtualCurrencyPrices": {"BN": 7500, "RB": 4000, "EV": 1, "RM": 2495, "TT": 0}, "CanBecomeCharacter": false, "IsStackable": true, "IsTradable": false, "IsLimitedEdition": false, "InitialLimitedEditionCount": 0}, {"ItemId": "Regal_Crown", "CatalogVersion": "PlayFab", "DisplayName": "Regal Crown", "VirtualCurrencyPrices": {"BN": 3000, "RB": 2500, "RV": 1, "RM": 998, "TT": 0}, "CanBecomeCharacter": false, "IsStackable": true, "IsTradable": false, "IsLimitedEdition": false, "InitialLimitedEditionCount": 0}, {"ItemId": "Robot_Hands", "CatalogVersion": "PlayFab", "DisplayName": "Robot Hands", "VirtualCurrencyPrices": {"BN": 18750, "RB": 6000, "LV": 1, "RM": 1299, "TT": 0}, "CanBecomeCharacter": false, "IsStackable": true, "IsTradable": false, "IsLimitedEdition": false, "InitialLimitedEditionCount": 0}, {"ItemId": "Rocket_Hat", "CatalogVersion": "PlayFab", "DisplayName": "Rocket Ponytail", "VirtualCurrencyPrices": {"BN": 7500, "RB": 4000, "EV": 1, "RM": 2495, "TT": 0}, "CanBecomeCharacter": false, "IsStackable": true, "IsTradable": false, "IsLimitedEdition": false, "InitialLimitedEditionCount": 0}, {"ItemId": "RocketFace", "CatalogVersion": "PlayFab", "DisplayName": "Rocket Face", "VirtualCurrencyPrices": {"BN": 7500, "RB": 4000, "EV": 1, "RM": 2495, "TT": 0}, "CanBecomeCharacter": false, "IsStackable": true, "IsTradable": false, "IsLimitedEdition": false, "InitialLimitedEditionCount": 0}, {"ItemId": "RockPaperScissors", "CatalogVersion": "PlayFab", "DisplayName": "Rock Paper Scissors", "VirtualCurrencyPrices": {"BN": 18750, "RB": 5500, "LV": 1, "RM": 6238, "TT": 0}, "CanBecomeCharacter": false, "IsStackable": false, "IsTradable": false, "IsLimitedEdition": false, "InitialLimitedEditionCount": 0}, {"ItemId": "RogueAscent", "CatalogVersion": "PlayFab", "DisplayName": "Rogue Ascent", "VirtualCurrencyPrices": {"BN": 18750, "RB": 0, "LV": 1, "RM": 6238, "TT": 0}, "CanBecomeCharacter": false, "IsStackable": false, "IsTradable": false, "IsLimitedEdition": false, "InitialLimitedEditionCount": 0}, {"ItemId": "Roman_Helmet", "CatalogVersion": "PlayFab", "DisplayName": "Roman Helmet", "VirtualCurrencyPrices": {"BN": 3000, "RB": 2500, "RV": 1, "RM": 998, "TT": 0}, "CanBecomeCharacter": false, "IsStackable": true, "IsTradable": false, "IsLimitedEdition": false, "InitialLimitedEditionCount": 0}, {"ItemId": "Rotten_Tomato", "CatalogVersion": "PlayFab", "DisplayName": "Rotten Tomato", "VirtualCurrencyPrices": {"BN": 3000, "RB": 2000, "RV": 1, "RM": 998, "TT": 0}, "CanBecomeCharacter": false, "IsStackable": true, "IsTradable": false, "IsLimitedEdition": false, "InitialLimitedEditionCount": 0}, {"ItemId": "Round_Beard", "CatalogVersion": "PlayFab", "DisplayName": "Round Beard", "VirtualCurrencyPrices": {"BN": 1200, "RB": 500, "CV": 1, "RM": 399, "TT": 0}, "CanBecomeCharacter": false, "IsStackable": true, "IsTradable": false, "IsLimitedEdition": false, "InitialLimitedEditionCount": 0}, {"ItemId": "RubberDookie", "CatalogVersion": "PlayFab", "DisplayName": "Rubber Dookie", "VirtualCurrencyPrices": {"BN": 18750, "RB": 5500, "LV": 1, "RM": 6238, "TT": 0}, "CanBecomeCharacter": false, "IsStackable": true, "IsTradable": false, "IsLimitedEdition": false, "InitialLimitedEditionCount": 0}, {"ItemId": "Santa", "CatalogVersion": "PlayFab", "DisplayName": "HO HO HO", "VirtualCurrencyPrices": {"BN": 3000, "RB": 3000, "RV": 1, "RM": 299, "TT": 0}, "CanBecomeCharacter": false, "IsStackable": true, "IsTradable": false, "IsLimitedEdition": false, "InitialLimitedEditionCount": 0}, {"ItemId": "Security_Goober", "CatalogVersion": "PlayFab", "DisplayName": "Security Goober", "VirtualCurrencyPrices": {"BN": 18750, "RB": 5500, "LV": 1, "RM": 6238, "TT": 0}, "CanBecomeCharacter": false, "IsStackable": true, "IsTradable": false, "IsLimitedEdition": false, "InitialLimitedEditionCount": 0}, {"ItemId": "ShadeGlasses", "CatalogVersion": "PlayFab", "DisplayName": "Shade Glasses", "VirtualCurrencyPrices": {"BN": 1200, "RB": 1000, "CV": 1, "RM": 399, "TT": 0}, "CanBecomeCharacter": false, "IsStackable": false, "IsTradable": false, "IsLimitedEdition": false, "InitialLimitedEditionCount": 0}, {"ItemId": "Shark_Hat", "CatalogVersion": "PlayFab", "DisplayName": "Baby WHO?", "VirtualCurrencyPrices": {"BN": 3000, "RB": 2500, "RV": 1, "RM": 998, "TT": 0}, "CanBecomeCharacter": false, "IsStackable": true, "IsTradable": false, "IsLimitedEdition": false, "InitialLimitedEditionCount": 0}, {"ItemId": "Shuriken", "CatalogVersion": "PlayFab", "DisplayName": "Shuriken", "VirtualCurrencyPrices": {"BN": 3000, "RB": 3000, "RV": 1, "RM": 998, "TT": 0}, "CanBecomeCharacter": false, "IsStackable": true, "IsTradable": false, "IsLimitedEdition": false, "InitialLimitedEditionCount": 0}, {"ItemId": "Skeleton_Hands", "CatalogVersion": "PlayFab", "DisplayName": "SkeletonHands", "VirtualCurrencyPrices": {"BN": 3000, "RB": 3000, "RV": 1, "RM": 799, "TT": 0}, "CanBecomeCharacter": false, "IsStackable": true, "IsTradable": false, "IsLimitedEdition": false, "InitialLimitedEditionCount": 0}, {"ItemId": "Skull_Head", "CatalogVersion": "PlayFab", "DisplayName": "Skull Head", "VirtualCurrencyPrices": {"BN": 3000, "RB": 2500, "RV": 1, "RM": 998, "TT": 0}, "CanBecomeCharacter": false, "IsStackable": true, "IsTradable": false, "IsLimitedEdition": false, "InitialLimitedEditionCount": 0}, {"ItemId": "Snorkel", "CatalogVersion": "PlayFab", "DisplayName": "Snorkel", "VirtualCurrencyPrices": {"BN": 1200, "RB": 1000, "CV": 1, "RM": 399, "TT": 0}, "CanBecomeCharacter": false, "IsStackable": true, "IsTradable": false, "IsLimitedEdition": false, "InitialLimitedEditionCount": 0}, {"ItemId": "Snow_Ball", "CatalogVersion": "PlayFab", "DisplayName": "Snowball", "VirtualCurrencyPrices": {"BN": 9999, "RB": 0, "RM": 0, "TT": 0}, "CanBecomeCharacter": false, "IsStackable": true, "IsTradable": false, "IsLimitedEdition": false, "InitialLimitedEditionCount": 0}, {"ItemId": "Snowglobe", "CatalogVersion": "PlayFab", "DisplayName": "Snowglobe", "VirtualCurrencyPrices": {"BN": 7500, "RB": 4000, "EV": 1, "RM": 799, "TT": 0}, "CanBecomeCharacter": false, "IsStackable": true, "IsTradable": false, "IsLimitedEdition": false, "InitialLimitedEditionCount": 0}, {"ItemId": "Soda_Hat", "CatalogVersion": "PlayFab", "DisplayName": "Soda Hat", "VirtualCurrencyPrices": {"BN": 7500, "RB": 3500, "EV": 1, "RM": 2495, "TT": 0}, "CanBecomeCharacter": false, "IsStackable": true, "IsTradable": false, "IsLimitedEdition": false, "InitialLimitedEditionCount": 0}, {"ItemId": "Sombrero", "CatalogVersion": "PlayFab", "DisplayName": "Sombrero", "VirtualCurrencyPrices": {"BN": 1200, "RB": 1000, "CV": 1, "RM": 399, "TT": 0}, "CanBecomeCharacter": false, "IsStackable": true, "IsTradable": false, "IsLimitedEdition": false, "InitialLimitedEditionCount": 0}, {"ItemId": "Soup_Can", "CatalogVersion": "PlayFab", "DisplayName": "Crapbell's Tomato Poop", "VirtualCurrencyPrices": {"BN": 3000, "RB": 3000, "RV": 1, "RM": 998, "TT": 0}, "CanBecomeCharacter": false, "IsStackable": true, "IsTradable": false, "IsLimitedEdition": false, "InitialLimitedEditionCount": 0}, {"ItemId": "SpaceGloves", "CatalogVersion": "PlayFab", "DisplayName": "Space Gloves", "VirtualCurrencyPrices": {"BN": 3000, "RB": 2500, "RV": 1, "RM": 998, "TT": 0}, "CanBecomeCharacter": false, "IsStackable": true, "IsTradable": false, "IsLimitedEdition": false, "InitialLimitedEditionCount": 0}, {"ItemId": "StyledSnail_Hair", "CatalogVersion": "PlayFab", "DisplayName": "Styled Snail", "VirtualCurrencyPrices": {"BN": 18750, "RB": 0, "LV": 1, "RM": 6238, "TT": 0}, "CanBecomeCharacter": false, "IsStackable": false, "IsTradable": false, "IsLimitedEdition": false, "InitialLimitedEditionCount": 0}, {"ItemId": "Sun_Hat", "CatalogVersion": "PlayFab", "DisplayName": "Sun Hat", "VirtualCurrencyPrices": {"BN": 1200, "RB": 1000, "CV": 1, "RM": 399, "TT": 0}, "CanBecomeCharacter": false, "IsStackable": true, "IsTradable": false, "IsLimitedEdition": false, "InitialLimitedEditionCount": 0}, {"ItemId": "SunburnedEyes", "CatalogVersion": "PlayFab", "DisplayName": "Sunburned Eyes", "VirtualCurrencyPrices": {"BN": 1200, "RB": 1000, "CV": 1, "RM": 399, "TT": 0}, "CanBecomeCharacter": false, "IsStackable": true, "IsTradable": false, "IsLimitedEdition": false, "InitialLimitedEditionCount": 0}, {"ItemId": "SuperSaru_Hair", "CatalogVersion": "PlayFab", "DisplayName": "Super Simian", "VirtualCurrencyPrices": {"BN": 7500, "RB": 4500, "EV": 1, "RM": 2495, "TT": 0}, "CanBecomeCharacter": false, "IsStackable": true, "IsTradable": false, "IsLimitedEdition": false, "InitialLimitedEditionCount": 0}, {"ItemId": "Sushi", "CatalogVersion": "PlayFab", "DisplayName": "Sushi", "VirtualCurrencyPrices": {"BN": 1200, "RB": 1000, "CV": 1, "RM": 399, "TT": 0}, "CanBecomeCharacter": false, "IsStackable": true, "IsTradable": false, "IsLimitedEdition": false, "InitialLimitedEditionCount": 0}, {"ItemId": "Teacup", "CatalogVersion": "PlayFab", "DisplayName": "Teacup", "VirtualCurrencyPrices": {"BN": 1200, "RB": 1000, "CV": 1, "RM": 399, "TT": 0}, "CanBecomeCharacter": false, "IsStackable": true, "IsTradable": false, "IsLimitedEdition": false, "InitialLimitedEditionCount": 0}, {"ItemId": "TentacleBeard", "CatalogVersion": "PlayFab", "DisplayName": "Tentacle Beard", "VirtualCurrencyPrices": {"BN": 7500, "RB": 3500, "EV": 1, "RM": 2495, "TT": 0}, "CanBecomeCharacter": false, "IsStackable": true, "IsTradable": false, "IsLimitedEdition": false, "InitialLimitedEditionCount": 0}, {"ItemId": "ThermalDootonator", "CatalogVersion": "PlayFab", "DisplayName": "Beep Beep Boom Ball", "VirtualCurrencyPrices": {"BN": 1200, "RB": 1500, "CV": 1, "RM": 399, "TT": 0}, "CanBecomeCharacter": false, "IsStackable": true, "IsTradable": false, "IsLimitedEdition": false, "InitialLimitedEditionCount": 0}, {"ItemId": "ToiletPaper", "CatalogVersion": "PlayFab", "DisplayName": "Toilet Paper", "VirtualCurrencyPrices": {"BN": 3000, "RB": 3000, "RV": 1, "RM": 998, "TT": 0}, "CanBecomeCharacter": false, "IsStackable": true, "IsTradable": false, "IsLimitedEdition": false, "InitialLimitedEditionCount": 0}, {"ItemId": "Top_Hat", "CatalogVersion": "PlayFab", "DisplayName": "Top Hat", "VirtualCurrencyPrices": {"BN": 1200, "RB": 1000, "CV": 1, "RM": 399, "TT": 0}, "CanBecomeCharacter": false, "IsStackable": true, "IsTradable": false, "IsLimitedEdition": false, "InitialLimitedEditionCount": 0}, {"ItemId": "TrafficCone_Hat", "CatalogVersion": "PlayFab", "DisplayName": "Safety Traffic Sign", "VirtualCurrencyPrices": {"BN": 3000, "RB": 2500, "RV": 1, "RM": 998, "TT": 0}, "CanBecomeCharacter": false, "IsStackable": true, "IsTradable": false, "IsLimitedEdition": false, "InitialLimitedEditionCount": 0}, {"ItemId": "TreasureChest", "CatalogVersion": "PlayFab", "DisplayName": "Treasure Chest", "VirtualCurrencyPrices": {"BN": 3000, "RB": 3000, "RV": 1, "RM": 998, "TT": 0}, "CanBecomeCharacter": false, "IsStackable": true, "IsTradable": false, "IsLimitedEdition": false, "InitialLimitedEditionCount": 0}, {"ItemId": "Triceraplops", "CatalogVersion": "PlayFab", "DisplayName": "Triceraplops", "VirtualCurrencyPrices": {"BN": 3000, "RB": 3000, "RV": 1, "RM": 998, "TT": 0}, "CanBecomeCharacter": false, "IsStackable": true, "IsTradable": false, "IsLimitedEdition": false, "InitialLimitedEditionCount": 0}, {"ItemId": "Trophy", "CatalogVersion": "PlayFab", "DisplayName": "Trophy", "VirtualCurrencyPrices": {"BN": 18750, "RB": 5500, "LV": 1, "RM": 6238, "TT": 0}, "CanBecomeCharacter": false, "IsStackable": false, "IsTradable": false, "IsLimitedEdition": false, "InitialLimitedEditionCount": 0}, {"ItemId": "TurdgerGrill", "CatalogVersion": "PlayFab", "DisplayName": "Turdger Grill", "VirtualCurrencyPrices": {"BN": 7500, "RB": 3500, "EV": 1, "RM": 2495, "TT": 0}, "CanBecomeCharacter": false, "IsStackable": true, "IsTradable": false, "IsLimitedEdition": false, "InitialLimitedEditionCount": 0}, {"ItemId": "TurkeyBeak", "CatalogVersion": "PlayFab", "DisplayName": "Turkey Beak", "VirtualCurrencyPrices": {"BN": 3000, "RB": 2000, "RV": 1, "RM": 998, "TT": 0}, "CanBecomeCharacter": false, "IsStackable": true, "IsTradable": false, "IsLimitedEdition": false, "InitialLimitedEditionCount": 0}, {"ItemId": "TurkeyLeg", "CatalogVersion": "PlayFab", "DisplayName": "Turkey Leg", "VirtualCurrencyPrices": {"BN": 9999, "RB": 0, "RM": 0, "TT": 0}, "CanBecomeCharacter": false, "IsStackable": false, "IsTradable": false, "IsLimitedEdition": false, "InitialLimitedEditionCount": 0}, {"ItemId": "Underpants", "CatalogVersion": "PlayFab", "DisplayName": "Cupid's Coverings", "VirtualCurrencyPrices": {"BN": 3000, "RB": 2500, "RV": 1, "RM": 998, "TT": 0}, "CanBecomeCharacter": false, "IsStackable": true, "IsTradable": false, "IsLimitedEdition": false, "InitialLimitedEditionCount": 0}, {"ItemId": "Ushanka", "CatalogVersion": "PlayFab", "DisplayName": "Ushanka", "VirtualCurrencyPrices": {"BN": 1200, "RB": 1500, "CV": 1, "RM": 399, "TT": 0}, "CanBecomeCharacter": false, "IsStackable": true, "IsTradable": false, "IsLimitedEdition": false, "InitialLimitedEditionCount": 0}, {"ItemId": "VampireFangs", "CatalogVersion": "PlayFab", "DisplayName": "Vampire Fangs", "VirtualCurrencyPrices": {"BN": 1200, "RB": 500, "CV": 1, "RM": 399, "TT": 0}, "CanBecomeCharacter": false, "IsStackable": true, "IsTradable": false, "IsLimitedEdition": false, "InitialLimitedEditionCount": 0}, {"ItemId": "Viking_Helmet", "CatalogVersion": "PlayFab", "DisplayName": "Viking Helmet", "VirtualCurrencyPrices": {"BN": 3000, "RB": 2500, "RV": 1, "RM": 998, "TT": 0}, "CanBecomeCharacter": false, "IsStackable": true, "IsTradable": false, "IsLimitedEdition": false, "InitialLimitedEditionCount": 0}, {"ItemId": "VikingBeard", "CatalogVersion": "PlayFab", "DisplayName": "Viking Beard", "VirtualCurrencyPrices": {"BN": 3000, "RB": 2500, "RV": 1, "RM": 998, "TT": 0}, "CanBecomeCharacter": false, "IsStackable": true, "IsTradable": false, "IsLimitedEdition": false, "InitialLimitedEditionCount": 0}, {"ItemId": "Volcano_Hat", "CatalogVersion": "PlayFab", "DisplayName": "Lord O' Flames", "VirtualCurrencyPrices": {"BN": 18750, "RB": 5000, "LV": 1, "RM": 6238, "TT": 0}, "CanBecomeCharacter": false, "IsStackable": true, "IsTradable": false, "IsLimitedEdition": false, "InitialLimitedEditionCount": 0}, {"ItemId": "VooDooDoll", "CatalogVersion": "PlayFab", "DisplayName": "Voo Doo Doll", "VirtualCurrencyPrices": {"BN": 3000, "RB": 3000, "RV": 1, "RM": 499, "TT": 0}, "CanBecomeCharacter": false, "IsStackable": false, "IsTradable": false, "IsLimitedEdition": false, "InitialLimitedEditionCount": 0}, {"ItemId": "VR_Controller", "CatalogVersion": "PlayFab", "DisplayName": "VR Controller", "VirtualCurrencyPrices": {"BN": 3000, "RB": 3000, "RV": 1, "RM": 998, "TT": 0}, "CanBecomeCharacter": false, "IsStackable": true, "IsTradable": false, "IsLimitedEdition": false, "InitialLimitedEditionCount": 0}, {"ItemId": "VR_Headset", "CatalogVersion": "PlayFab", "DisplayName": "VR Headset", "VirtualCurrencyPrices": {"BN": 3000, "RB": 2500, "RV": 1, "RM": 998, "TT": 0}, "CanBecomeCharacter": false, "IsStackable": true, "IsTradable": false, "IsLimitedEdition": false, "InitialLimitedEditionCount": 0}, {"ItemId": "Watermelon_Hat", "CatalogVersion": "PlayFab", "DisplayName": "Watermalone", "VirtualCurrencyPrices": {"BN": 1200, "RB": 1000, "CV": 1, "RM": 399, "TT": 0}, "CanBecomeCharacter": false, "IsStackable": true, "IsTradable": false, "IsLimitedEdition": false, "InitialLimitedEditionCount": 0}, {"ItemId": "Welding_Mask", "CatalogVersion": "PlayFab", "DisplayName": "Welding Mask", "VirtualCurrencyPrices": {"BN": 1200, "RB": 1000, "CV": 1, "RM": 399, "TT": 0}, "CanBecomeCharacter": false, "IsStackable": true, "IsTradable": false, "IsLimitedEdition": false, "InitialLimitedEditionCount": 0}, {"ItemId": "Witch_Hat", "CatalogVersion": "PlayFab", "DisplayName": "WItch Hat", "VirtualCurrencyPrices": {"BN": 18750, "RB": 5500, "LV": 1, "RM": 6238, "TT": 0}, "CanBecomeCharacter": false, "IsStackable": true, "IsTradable": false, "IsLimitedEdition": false, "InitialLimitedEditionCount": 0}, {"ItemId": "WitchNose", "CatalogVersion": "PlayFab", "DisplayName": "Witch Nose", "VirtualCurrencyPrices": {"BN": 3000, "RB": 2000, "RV": 1, "RM": 998, "TT": 0}, "CanBecomeCharacter": false, "IsStackable": true, "IsTradable": false, "IsLimitedEdition": false, "InitialLimitedEditionCount": 0}, {"ItemId": "Wizard", "CatalogVersion": "PlayFab", "DisplayName": "Wizard", "VirtualCurrencyPrices": {"BN": 7500, "RB": 4500, "EV": 1, "RM": 2495, "TT": 0}, "CanBecomeCharacter": false, "IsStackable": true, "IsTradable": false, "IsLimitedEdition": false, "InitialLimitedEditionCount": 0}, {"ItemId": "Xongo_Brain", "CatalogVersion": "PlayFab", "DisplayName": "Brain O' Xongo", "VirtualCurrencyPrices": {"BN": 18750, "RB": 5500, "LV": 1, "RM": 6238, "TT": 0}, "CanBecomeCharacter": false, "IsStackable": true, "IsTradable": false, "IsLimitedEdition": false, "InitialLimitedEditionCount": 0}, {"ItemId": "Xongo_Doo", "CatalogVersion": "PlayFab", "DisplayName": "X Faithful", "VirtualCurrencyPrices": {"BN": 3000, "RB": 2500, "RV": 1, "RM": 998, "TT": 0}, "CanBecomeCharacter": false, "IsStackable": true, "IsTradable": false, "IsLimitedEdition": false, "InitialLimitedEditionCount": 0}, {"ItemId": "Xongo_Hands", "CatalogVersion": "PlayFab", "DisplayName": "X Hands", "VirtualCurrencyPrices": {"BN": 3000, "RB": 2500, "RV": 1, "RM": 998, "TT": 0}, "CanBecomeCharacter": false, "IsStackable": true, "IsTradable": false, "IsLimitedEdition": false, "InitialLimitedEditionCount": 0}, {"ItemId": "Xongo_Hat", "CatalogVersion": "PlayFab", "DisplayName": "La Skull", "VirtualCurrencyPrices": {"BN": 1200, "RB": 1000, "CV": 1, "RM": 399, "TT": 0}, "CanBecomeCharacter": false, "IsStackable": true, "IsTradable": false, "IsLimitedEdition": false, "InitialLimitedEditionCount": 0}, {"ItemId": "Xongo_Mask", "CatalogVersion": "PlayFab", "DisplayName": "Xongo Mask", "VirtualCurrencyPrices": {"BN": 7500, "RB": 4000, "EV": 1, "RM": 2495, "TT": 0}, "CanBecomeCharacter": false, "IsStackable": true, "IsTradable": false, "IsLimitedEdition": false, "InitialLimitedEditionCount": 0}, {"ItemId": "Zerdy", "CatalogVersion": "PlayFab", "DisplayName": "Zerdy", "VirtualCurrencyPrices": {"BN": 18750, "RB": 0, "LV": 1, "RM": 6238, "TT": 0}, "CanBecomeCharacter": false, "IsStackable": false, "IsTradable": false, "IsLimitedEdition": false, "InitialLimitedEditionCount": 0}, {"ItemId": "+50next15min", "ItemClass": "0", "CatalogVersion": "PlayFab", "DisplayName": "+50 Bananas next 15 minutes", "Description": "Receive +50 bananas after a game played", "VirtualCurrencyPrices": {"RB": 1, "TT": 0}, "CustomData": "{\"location\":\"0\"}", "Consumable": {"UsagePeriod": 900, "UsagePeriodGroup": "+50timed"}, "CanBecomeCharacter": false, "IsStackable": true, "IsTradable": false, "IsLimitedEdition": false, "InitialLimitedEditionCount": 0}, {"ItemId": "24hrsMultiplier", "ItemClass": "0", "CatalogVersion": "PlayFab", "DisplayName": "x2 Bananas Time Left", "Description": "Receive a x2 BN multiplier for the next day", "VirtualCurrencyPrices": {"RB": 20, "TT": 0}, "CustomData": "{\"location\":\"0\"}", "Consumable": {"UsagePeriod": 86400, "UsagePeriodGroup": "hourMultiplier"}, "CanBecomeCharacter": false, "IsStackable": true, "IsTradable": false, "IsLimitedEdition": false, "InitialLimitedEditionCount": 0}, {"ItemId": "MysteryPaintVoucher", "ItemClass": "17", "CatalogVersion": "PlayFab", "DisplayName": "Mystery Paint Voucher", "Description": "Grants a random paint voucher", "VirtualCurrencyPrices": {"RB": 2500, "TT": 0}, "CustomData": "{\"location\":\"17\"}", "Consumable": {"UsageCount": 1, "UsagePeriodGroup": "oneTimeUse"}, "CanBecomeCharacter": false, "IsStackable": true, "IsTradable": false, "IsLimitedEdition": false, "InitialLimitedEditionCount": 0}, {"ItemId": "x10next15min", "ItemClass": "0", "CatalogVersion": "PlayFab", "DisplayName": "x10 Bananas Timed", "Description": "Receive a x10 BN multiplier for a time", "VirtualCurrencyPrices": {"RB": 10, "TT": 0}, "CustomData": "{\"location\":\"0\"}", "Consumable": {"UsagePeriod": 900, "UsagePeriodGroup": "x10timeMultiplier"}, "CanBecomeCharacter": false, "IsStackable": true, "IsTradable": false, "IsLimitedEdition": false, "InitialLimitedEditionCount": 0}, {"ItemId": "x10next30min", "ItemClass": "0", "CatalogVersion": "PlayFab", "DisplayName": "x10 Bananas Timed", "Description": "Receive a x10 BN multiplier for a time", "VirtualCurrencyPrices": {"RB": 10, "TT": 0}, "CustomData": "{\"location\":\"0\"}", "Consumable": {"UsagePeriod": 1800, "UsagePeriodGroup": "x10timeMultiplier"}, "CanBecomeCharacter": false, "IsStackable": true, "IsTradable": false, "IsLimitedEdition": false, "InitialLimitedEditionCount": 0}, {"ItemId": "x2Next10Min", "ItemClass": "0", "CatalogVersion": "PlayFab", "DisplayName": "x2 Bananas Time Left", "Description": "Receive a x2 BN multiplier for the 10 Min", "VirtualCurrencyPrices": {"RB": 10, "TT": 0}, "CustomData": "{\"location\":\"0\"}", "Consumable": {"UsagePeriod": 600, "UsagePeriodGroup": "hourMultiplier"}, "CanBecomeCharacter": false, "IsStackable": true, "IsTradable": false, "IsLimitedEdition": false, "InitialLimitedEditionCount": 0}, {"ItemId": "x2Next10Rounds", "ItemClass": "1", "CatalogVersion": "PlayFab", "DisplayName": "x2 Bananas Next Round", "Description": "Receive a x2 multiplier for the next 10 rounds", "VirtualCurrencyPrices": {"RB": 10, "TT": 0}, "CustomData": "{\"location\":\"1\"}", "Consumable": {"UsageCount": 10, "UsagePeriodGroup": "roundMultiplier"}, "CanBecomeCharacter": false, "IsStackable": true, "IsTradable": false, "IsLimitedEdition": false, "InitialLimitedEditionCount": 0}, {"ItemId": "x2Next10Wins", "ItemClass": "2", "CatalogVersion": "PlayFab", "DisplayName": "x2 Bananas Next Win", "Description": "Receive a x2 multiplier for the next 10 wins in any game mode", "VirtualCurrencyPrices": {"RB": 30, "TT": 0}, "CustomData": "{\"location\":\"2\"}", "Consumable": {"UsageCount": 10, "UsagePeriodGroup": "winMultiplier"}, "CanBecomeCharacter": false, "IsStackable": true, "IsTradable": false, "IsLimitedEdition": false, "InitialLimitedEditionCount": 0}, {"ItemId": "x2Next15Min", "ItemClass": "0", "CatalogVersion": "PlayFab", "DisplayName": "x2 Bananas Time Left", "Description": "Receive a x2 BN multiplier for the 15 min", "VirtualCurrencyPrices": {"RB": 20, "TT": 0}, "CustomData": "{\"location\":\"0\"}", "Consumable": {"UsagePeriod": 900, "UsagePeriodGroup": "hourMultiplier"}, "CanBecomeCharacter": false, "IsStackable": true, "IsTradable": false, "IsLimitedEdition": false, "InitialLimitedEditionCount": 0}, {"ItemId": "x2Next30Min", "ItemClass": "0", "CatalogVersion": "PlayFab", "DisplayName": "x2 Bananas Time Left", "Description": "Receive a x2 BN multiplier for the 30 min", "VirtualCurrencyPrices": {"RB": 400, "TT": 0}, "CustomData": "{\"location\":\"0\"}", "Consumable": {"UsagePeriod": 1800, "UsagePeriodGroup": "hourMultiplier"}, "CanBecomeCharacter": false, "IsStackable": true, "IsTradable": false, "IsLimitedEdition": false, "InitialLimitedEditionCount": 0}, {"ItemId": "x2NextRound", "ItemClass": "1", "CatalogVersion": "PlayFab", "DisplayName": "x2 Bananas Next Round", "Description": "Receive a x2 multiplier for the next round", "VirtualCurrencyPrices": {"RB": 1, "TT": 0}, "CustomData": "{\"location\":\"1\"}", "Consumable": {"UsageCount": 1, "UsagePeriodGroup": "roundMultiplier"}, "CanBecomeCharacter": false, "IsStackable": true, "IsTradable": false, "IsLimitedEdition": false, "InitialLimitedEditionCount": 0}, {"ItemId": "x2NextWin", "ItemClass": "2", "CatalogVersion": "PlayFab", "DisplayName": "x2 Bananas Next Win", "Description": "Receive a x2 multiplier for the next win in any game mode", "VirtualCurrencyPrices": {"RB": 3, "TT": 0}, "CustomData": "{\"location\":\"2\"}", "Consumable": {"UsageCount": 1, "UsagePeriodGroup": "winMultiplier"}, "CanBecomeCharacter": false, "IsStackable": true, "IsTradable": false, "IsLimitedEdition": false, "InitialLimitedEditionCount": 0}, {"ItemId": "x5next15min", "ItemClass": "0", "CatalogVersion": "PlayFab", "DisplayName": "x5 Bananas for a time", "Description": "Receive a x5 BN multiplier for a time", "VirtualCurrencyPrices": {"RB": 10, "TT": 0}, "CustomData": "{\"location\":\"0\"}", "Consumable": {"UsagePeriod": 900, "UsagePeriodGroup": "x5timeMultiplier"}, "CanBecomeCharacter": false, "IsStackable": true, "IsTradable": false, "IsLimitedEdition": false, "InitialLimitedEditionCount": 0}, {"ItemId": "x5next30min", "ItemClass": "0", "CatalogVersion": "PlayFab", "DisplayName": "x5 Bananas for a time", "Description": "Receive a x5 BN multiplier for a time", "VirtualCurrencyPrices": {"RB": 10, "TT": 0}, "CustomData": "{\"location\":\"0\"}", "Consumable": {"UsagePeriod": 1800, "UsagePeriodGroup": "x5timeMultiplier"}, "CanBecomeCharacter": false, "IsStackable": true, "IsTradable": false, "IsLimitedEdition": false, "InitialLimitedEditionCount": 0}, {"ItemId": "xpBoost", "ItemClass": "0", "CatalogVersion": "PlayFab", "DisplayName": "10% XP BOOST", "Description": "Receive a 10% XP boost for a limited time", "VirtualCurrencyPrices": {"RB": 10, "TT": 0}, "CustomData": "{\"location\":\"0\"}", "Consumable": {"UsagePeriod": 3600, "UsagePeriodGroup": "xpBoost10perc"}, "CanBecomeCharacter": false, "IsStackable": true, "IsTradable": false, "IsLimitedEdition": false, "InitialLimitedEditionCount": 0}, {"ItemId": "ArmyBundle", "CatalogVersion": "PlayFab", "DisplayName": "Army Bundle", "VirtualCurrencyPrices": {"RB": 240, "RM": 999, "TT": 0}, "Consumable": {"UsagePeriod": 5}, "Bundle": {"BundledItems": ["Army_Helmet", "Grenade", "GassMask"], "BundledResultTables": []}, "CanBecomeCharacter": false, "IsStackable": false, "IsTradable": false, "IsLimitedEdition": false, "InitialLimitedEditionCount": 0}, {"ItemId": "ConstellationBundle", "CatalogVersion": "PlayFab", "DisplayName": "Constellation Conflicts", "VirtualCurrencyPrices": {"RB": 4800, "TT": 0}, "Consumable": {"UsagePeriod": 3}, "Bundle": {"BundledItems": ["FanBoy_Helmet", "LeafEars", "ThermalDootonator"], "BundledResultTables": []}, "CanBecomeCharacter": false, "IsStackable": false, "IsTradable": false, "IsLimitedEdition": false, "InitialLimitedEditionCount": 0}, {"ItemId": "EpicCosmeticBundle", "CatalogVersion": "PlayFab", "DisplayName": "Epic Cosmetic Bundle", "VirtualCurrencyPrices": {"TT": 0}, "Consumable": {"UsagePeriod": 3}, "Bundle": {"BundledItems": [], "BundledResultTables": ["EpicCosmeticsTable"]}, "CanBecomeCharacter": false, "IsStackable": false, "IsTradable": false, "IsLimitedEdition": false, "InitialLimitedEditionCount": 0}, {"ItemId": "IceCreamBundle", "CatalogVersion": "PlayFab", "DisplayName": "Ice Cream Bundle", "VirtualCurrencyPrices": {"RB": 240, "RM": 999, "TT": 0}, "Consumable": {"UsagePeriod": 3}, "Bundle": {"BundledItems": ["IceCreamCone_Hat", "IceCreamSandwich", "Popsicle", "Milkshake"], "BundledResultTables": []}, "CanBecomeCharacter": false, "IsStackable": false, "IsTradable": false, "IsLimitedEdition": false, "InitialLimitedEditionCount": 0}, {"ItemId": "LegendaryCosmeticBundle", "CatalogVersion": "PlayFab", "DisplayName": "Legendary Cosmetic Bundle", "VirtualCurrencyPrices": {"TT": 0}, "Consumable": {"UsagePeriod": 3}, "Bundle": {"BundledItems": [], "BundledResultTables": ["LegendaryCosmeticsTable"]}, "CanBecomeCharacter": false, "IsStackable": false, "IsTradable": false, "IsLimitedEdition": false, "InitialLimitedEditionCount": 0}, {"ItemId": "LevelCrateReward", "CatalogVersion": "PlayFab", "DisplayName": "Level Crate Reward", "VirtualCurrencyPrices": {"RB": 0, "TT": 0}, "Consumable": {"UsagePeriod": 3}, "Bundle": {"BundledItems": [], "BundledResultTables": ["AllRaritiesTable"]}, "CanBecomeCharacter": false, "IsStackable": false, "IsTradable": false, "IsLimitedEdition": false, "InitialLimitedEditionCount": 0}, {"ItemId": "blackMarketMegaBundle", "CatalogVersion": "PlayFab", "DisplayName": "Mega Drippiest Meta Launch Bundle", "VirtualCurrencyPrices": {"RM": 9999, "TT": 0}, "Consumable": {"UsagePeriod": 3}, "Bundle": {"BundledItems": ["AmorphusBlob", "DoogDoomaDoo", "TrafficCone_Hat", "ToiletPaper", "PilotHat", "Cat_Ears", "Nerd_Glasses", "Cowboy_Hat", "24hrsMultiplier", "24hrsMultiplier", "24hrsMultiplier", "24hrsMultiplier", "24hrsMultiplier"], "BundledResultTables": [], "BundledVirtualCurrencies": {"CV": 5, "RV": 5, "EV": 5, "LV": 5, "SR": 20}}, "CanBecomeCharacter": false, "IsStackable": false, "IsTradable": false, "IsLimitedEdition": false, "InitialLimitedEditionCount": 0}, {"ItemId": "metaBundle", "CatalogVersion": "PlayFab", "DisplayName": "Mega Party Bundle", "VirtualCurrencyPrices": {"RM": 2499, "TT": 0}, "Consumable": {"UsagePeriod": 3}, "Bundle": {"BundledItems": ["AmorphusBlob", "DoogDoomaDoo", "TrafficCone_Hat", "ToiletPaper", "PilotHat", "Cat_Ears", "Nerd_Glasses", "Cowboy_Hat"], "BundledResultTables": [], "BundledVirtualCurrencies": {"RB": 5000}}, "CanBecomeCharacter": false, "IsStackable": false, "IsTradable": false, "IsLimitedEdition": false, "InitialLimitedEditionCount": 0}, {"ItemId": "OlympicBundleConsumable", "CatalogVersion": "PlayFab", "DisplayName": "Olympic Bundle", "VirtualCurrencyPrices": {"RM": 3499, "TT": 0}, "Consumable": {"UsagePeriod": 3}, "Bundle": {"BundledItems": ["Olympic_Medal", "Olympic_Torch", "Olympic_Podium", "Olympic_Rings"], "BundledResultTables": []}, "CanBecomeCharacter": false, "IsStackable": false, "IsTradable": false, "IsLimitedEdition": false, "InitialLimitedEditionCount": 0}, {"ItemId": "PDP_MegaPartyBundle", "CatalogVersion": "PlayFab", "DisplayName": "Mega Party Bundle", "VirtualCurrencyPrices": {"RM": 2999, "TT": 0}, "Consumable": {"UsagePeriod": 3}, "Bundle": {"BundledItems": ["AmorphusBlob", "DoogDoomaDoo", "TrafficCone_Hat", "ToiletPaper", "PilotHat", "Cat_Ears", "Nerd_Glasses", "Cowboy_Hat"], "BundledResultTables": [], "BundledVirtualCurrencies": {"RB": 5000}}, "CanBecomeCharacter": false, "IsStackable": false, "IsTradable": false, "IsLimitedEdition": false, "InitialLimitedEditionCount": 0}, {"ItemId": "pilgrimBundle", "CatalogVersion": "PlayFab", "DisplayName": "Pilgrim Bundle", "VirtualCurrencyPrices": {"RB": 0, "RM": 999, "TT": 0}, "Consumable": {"UsagePeriod": 3}, "Bundle": {"BundledItems": ["Pilgrim_Hat", "Corn"], "BundledResultTables": []}, "CanBecomeCharacter": false, "IsStackable": false, "IsTradable": false, "IsLimitedEdition": false, "InitialLimitedEditionCount": 0}, {"ItemId": "PirateBundle", "CatalogVersion": "PlayFab", "DisplayName": "Pirate Bundle", "VirtualCurrencyPrices": {"RB": 240, "TT": 0}, "Consumable": {"UsagePeriod": 5}, "Bundle": {"BundledItems": ["TreasureChest", "Pirate_EyePatch", "Pirate_Hat"], "BundledResultTables": []}, "CanBecomeCharacter": false, "IsStackable": false, "IsTradable": false, "IsLimitedEdition": false, "InitialLimitedEditionCount": 0}, {"ItemId": "RareCosmeticBundle", "CatalogVersion": "PlayFab", "DisplayName": "Rare Cosmetic Bundle", "VirtualCurrencyPrices": {"TT": 0}, "Consumable": {"UsagePeriod": 3}, "Bundle": {"BundledItems": [], "BundledResultTables": ["RareCosmeticsTable"]}, "CanBecomeCharacter": false, "IsStackable": false, "IsTradable": false, "IsLimitedEdition": false, "InitialLimitedEditionCount": 0}, {"ItemId": "RB_NEW_10", "CatalogVersion": "PlayFab", "DisplayName": "10 Dollar Ruby Bundle", "VirtualCurrencyPrices": {"RB": 0, "RM": 999, "TT": 0}, "Consumable": {"UsagePeriod": 3}, "Bundle": {"BundledItems": [], "BundledResultTables": [], "BundledVirtualCurrencies": {"RB": 2200}}, "CanBecomeCharacter": false, "IsStackable": false, "IsTradable": false, "IsLimitedEdition": false, "InitialLimitedEditionCount": 0}, {"ItemId": "RB_NEW_20", "CatalogVersion": "PlayFab", "DisplayName": "20 Dollar Ruby Bundle", "VirtualCurrencyPrices": {"RB": 0, "RM": 1999, "TT": 0}, "Consumable": {"UsagePeriod": 3}, "Bundle": {"BundledItems": [], "BundledResultTables": [], "BundledVirtualCurrencies": {"RB": 5000}}, "CanBecomeCharacter": false, "IsStackable": false, "IsTradable": false, "IsLimitedEdition": false, "InitialLimitedEditionCount": 0}, {"ItemId": "RB_NEW_5", "CatalogVersion": "PlayFab", "DisplayName": "5 Dollar Ruby Bundle", "VirtualCurrencyPrices": {"RB": 0, "RM": 499, "TT": 0}, "Consumable": {"UsagePeriod": 3}, "Bundle": {"BundledItems": [], "BundledResultTables": [], "BundledVirtualCurrencies": {"RB": 1000}}, "CanBecomeCharacter": false, "IsStackable": false, "IsTradable": false, "IsLimitedEdition": false, "InitialLimitedEditionCount": 0}, {"ItemId": "ScienceBundle", "CatalogVersion": "PlayFab", "DisplayName": "Science Bundle", "VirtualCurrencyPrices": {"RB": 915, "TT": 0}, "Consumable": {"UsagePeriod": 5}, "Bundle": {"BundledItems": ["Galaxy_Brain", "Biohazard_Acid", "Protection_Goggles"], "BundledResultTables": []}, "CanBecomeCharacter": false, "IsStackable": false, "IsTradable": false, "IsLimitedEdition": false, "InitialLimitedEditionCount": 0}, {"ItemId": "ballparkBundle", "CatalogVersion": "PlayFab", "DisplayName": "BALLPARK BUDDY-BUNDLE", "VirtualCurrencyPrices": {"RM": 2499, "TT": 0}, "Consumable": {"UsagePeriod": 3}, "Bundle": {"BundledItems": ["Baseball_Hat", "BubbleGum", "Baseball"], "BundledResultTables": [], "BundledVirtualCurrencies": {"RB": 5000}}, "CanBecomeCharacter": false, "IsStackable": false, "IsTradable": false, "IsLimitedEdition": false, "InitialLimitedEditionCount": 0}, {"ItemId": "sportsBundle_02", "CatalogVersion": "PlayFab", "DisplayName": "CONCUSSION BUDDY-BUNDLE", "VirtualCurrencyPrices": {"RB": 5000, "TT": 0}, "Consumable": {"UsagePeriod": 3}, "Bundle": {"BundledItems": ["Foam_Finger", "Hockey_Mask", "Football_Helmet"], "BundledResultTables": [], "BundledVirtualCurrencies": {"RB": 5000}}, "CanBecomeCharacter": false, "IsStackable": false, "IsTradable": false, "IsLimitedEdition": false, "InitialLimitedEditionCount": 0}, {"ItemId": "starterBundle_00", "CatalogVersion": "PlayFab", "DisplayName": "Starter Bundle", "VirtualCurrencyPrices": {"RB": 0, "RM": 999, "TT": 0}, "Consumable": {"UsagePeriod": 3}, "Bundle": {"BundledItems": ["24hrsMultiplier"], "BundledResultTables": [], "BundledVirtualCurrencies": {"RB": 2000, "BN": 12000, "CV": 1, "RV": 1, "SR": 5}}, "CanBecomeCharacter": false, "IsStackable": false, "IsTradable": false, "IsLimitedEdition": false, "InitialLimitedEditionCount": 0}, {"ItemId": "SuperDooperUltimateOlympicBundleConsumable", "CatalogVersion": "PlayFab", "DisplayName": "Super Dooper Ultimate Olympic Bundle", "VirtualCurrencyPrices": {"RM": 3499, "TT": 0}, "Consumable": {"UsagePeriod": 3}, "Bundle": {"BundledItems": ["Olympic_Medal", "Olympic_Torch", "Olympic_Podium", "Olympic_Rings"], "BundledResultTables": []}, "CanBecomeCharacter": false, "IsStackable": false, "IsTradable": false, "IsLimitedEdition": false, "InitialLimitedEditionCount": 0}, {"ItemId": "turkeyBeakBundle", "CatalogVersion": "PlayFab", "DisplayName": "Tukey Beak Bundle", "VirtualCurrencyPrices": {"RB": 0, "RM": 499, "TT": 0}, "Consumable": {"UsagePeriod": 3}, "Bundle": {"BundledItems": ["TurkeyBeak"], "BundledResultTables": []}, "CanBecomeCharacter": false, "IsStackable": false, "IsTradable": false, "IsLimitedEdition": false, "InitialLimitedEditionCount": 0}, {"ItemId": "UnlimitedBonusBananaBundle", "CatalogVersion": "PlayFab", "DisplayName": "Unlimited Bonus Banana Bundle", "VirtualCurrencyPrices": {"RB": 0, "RM": 999, "TT": 0}, "Consumable": {"UsagePeriod": 3}, "Bundle": {"BundledItems": ["24hrsMultiplier", "x2NextRound", "x2NextRound", "x2NextRound", "x2NextRound", "x2NextRound", "x2NextRound", "x2NextRound", "x2NextRound", "x2NextRound", "x2NextRound", "x2NextWin", "x2NextWin", "x2NextWin", "x2NextWin", "x2NextWin", "x2NextWin", "x2NextWin", "x2NextWin", "x2NextWin", "x2NextWin"], "BundledResultTables": [], "BundledVirtualCurrencies": {"BN": 5000, "SR": 5}}, "CanBecomeCharacter": false, "IsStackable": false, "IsTradable": false, "IsLimitedEdition": false, "InitialLimitedEditionCount": 0}, {"ItemId": "VampireFangsBundle", "CatalogVersion": "PlayFab", "DisplayName": "VAMPIRE FANGS BUNDLE", "VirtualCurrencyPrices": {"RB": 20, "TT": 0}, "Consumable": {"UsagePeriod": 3}, "Bundle": {"BundledItems": ["VampireFangs"], "BundledResultTables": [], "BundledVirtualCurrencies": {"SR": 500, "BN": 5}}, "CanBecomeCharacter": false, "IsStackable": false, "IsTradable": false, "IsLimitedEdition": false, "InitialLimitedEditionCount": 0}, {"ItemId": "VikingBundle", "CatalogVersion": "PlayFab", "DisplayName": "Viking Bundle", "VirtualCurrencyPrices": {"RM": 1499, "TT": 0}, "Consumable": {"UsagePeriod": 3}, "Bundle": {"BundledItems": ["Viking_Helmet", "DooMace", "VikingBeard"], "BundledResultTables": []}, "CanBecomeCharacter": false, "IsStackable": false, "IsTradable": false, "IsLimitedEdition": false, "InitialLimitedEditionCount": 0}, {"ItemId": "WitchHatBundle", "CatalogVersion": "PlayFab", "DisplayName": "WITCH HAT BUNDLE", "VirtualCurrencyPrices": {"RB": 300, "TT": 0}, "Consumable": {"UsagePeriod": 3}, "Bundle": {"BundledItems": ["Witch_Hat", "x2NextRound", "x2NextRound", "x2NextRound", "x2NextRound", "x2NextRound"], "BundledResultTables": [], "BundledVirtualCurrencies": {"BN": 5000, "SR": 15}}, "CanBecomeCharacter": false, "IsStackable": false, "IsTradable": false, "IsLimitedEdition": false, "InitialLimitedEditionCount": 0}, {"ItemId": "BackToSchoolBundle", "CatalogVersion": "PlayFab", "DisplayName": "Back to School Bundle", "VirtualCurrencyPrices": {"RM": 499, "TT": 0}, "RealCurrencyPrices": {}, "Tags": [], "Consumable": {"UsagePeriod": 3}, "Bundle": {"BundledItems": ["MilkCarton", "Pencil", "Glue"], "BundledResultTables": [], "BundledVirtualCurrencies": {"RB": 500}}, "CanBecomeCharacter": false, "IsStackable": false, "IsTradable": false, "IsLimitedEdition": false, "InitialLimitedEditionCount": 0}]}