{"Catalog": [{"ItemId": "One", "CatalogVersion": "Mank Stuff", "DisplayName": "My first item", "CanBecomeCharacter": false, "IsStackable": false, "IsTradable": false, "IsLimitedEdition": false, "InitialLimitedEditionCount": 0}, {"ItemId": "OwnerPack", "ItemClass": "OwnerPack", "CatalogVersion": "Mank Stuff", "DisplayName": "OwnerPack", "Description": "OwnerPack", "VirtualCurrencyPrices": {}, "Tags": ["OwnerPack"], "Consumable": {}, "CanBecomeCharacter": false, "IsStackable": false, "IsTradable": false, "ItemImageUrl": "OwnerPack", "IsLimitedEdition": false, "InitialLimitedEditionCount": 0}, {"ItemId": "Protector Pack (VQOD)", "ItemClass": "Protector Pack (VQOD)", "CatalogVersion": "Mank Stuff", "DisplayName": "Protector Pack (VQOD)", "Description": "Protector Pack (VQOD)", "VirtualCurrencyPrices": {}, "Tags": ["Protector Pack (VQOD)"], "Consumable": {}, "CanBecomeCharacter": false, "IsStackable": false, "IsTradable": false, "ItemImageUrl": "Protector Pack (VQOD)", "IsLimitedEdition": false, "InitialLimitedEditionCount": 0}, {"ItemId": "Error Pack", "ItemClass": "Error Pack", "CatalogVersion": "Mank Stuff", "DisplayName": "Error Pack", "Description": "Error Pack", "VirtualCurrencyPrices": {}, "Tags": ["Error Pack"], "Consumable": {}, "CanBecomeCharacter": false, "IsStackable": false, "IsTradable": false, "ItemImageUrl": "Error Pack", "IsLimitedEdition": false, "InitialLimitedEditionCount": 0}, {"ItemId": "CommunityManagerPack", "ItemClass": "CommunityManagerPack", "CatalogVersion": "Mank Stuff", "DisplayName": "CommunityManagerPack", "Description": "CommunityManagerPack", "VirtualCurrencyPrices": {}, "Tags": ["CommunityManagerPack"], "Consumable": {}, "CanBecomeCharacter": false, "IsStackable": false, "IsTradable": false, "ItemImageUrl": "CommunityManagerPack", "IsLimitedEdition": false, "InitialLimitedEditionCount": 0}, {"ItemId": "SupporterPackStuff", "ItemClass": "SupporterPackStuff", "CatalogVersion": "Mank Stuff", "DisplayName": "SupporterPackStuff", "Description": "SupporterPackStuff", "VirtualCurrencyPrices": {}, "Tags": ["SupporterPackStuff"], "Consumable": {}, "CanBecomeCharacter": false, "IsStackable": false, "IsTradable": false, "ItemImageUrl": "SupporterPackStuff", "IsLimitedEdition": false, "InitialLimitedEditionCount": 0}, {"ItemId": "VikesCrown", "ItemClass": "VikesCrown", "CatalogVersion": "Mank Stuff", "DisplayName": "VikesCrown", "Description": "VikesCrown", "VirtualCurrencyPrices": {}, "Tags": ["VikesCrown"], "Consumable": {}, "CanBecomeCharacter": false, "IsStackable": false, "IsTradable": false, "ItemImageUrl": "VikesCrown", "IsLimitedEdition": false, "InitialLimitedEditionCount": 0}, {"ItemId": "YoutuberPack", "ItemClass": "YoutuberPack", "CatalogVersion": "Mank Stuff", "DisplayName": "YoutuberPack", "Description": "YoutuberPack", "VirtualCurrencyPrices": {}, "Tags": ["YoutuberPack"], "Consumable": {}, "CanBecomeCharacter": false, "IsStackable": false, "IsTradable": false, "ItemImageUrl": "YoutuberPack", "IsLimitedEdition": false, "InitialLimitedEditionCount": 0}, {"ItemId": "Moderation Checker", "ItemClass": "Moderation Checker", "CatalogVersion": "Mank Stuff", "DisplayName": "Moderation Checker", "Description": "Moderation Checker", "VirtualCurrencyPrices": {}, "Tags": ["Moderation Checker"], "Consumable": {}, "CanBecomeCharacter": false, "IsStackable": false, "IsTradable": false, "ItemImageUrl": "Moderation Checker", "IsLimitedEdition": false, "InitialLimitedEditionCount": 0}]}