{"Catalog": [{"ItemId": "Admin", "ItemClass": "Admin", "CatalogVersion": "ZuseRunnersFR", "DisplayName": "Admin", "VirtualCurrencyPrices": {}, "RealCurrencyPrices": {}, "Tags": [], "Consumable": {}, "CanBecomeCharacter": false, "IsStackable": false, "IsTradable": false, "IsLimitedEdition": false, "InitialLimitedEditionCount": 0}, {"ItemId": "COowner", "ItemClass": "COowner", "CatalogVersion": "ZuseRunnersFR", "DisplayName": "COowner", "VirtualCurrencyPrices": {}, "Tags": [], "Consumable": {}, "CanBecomeCharacter": false, "IsStackable": false, "IsTradable": false, "IsLimitedEdition": false, "InitialLimitedEditionCount": 0}, {"ItemId": "OwnerStuffReal", "ItemClass": "OwnerStuffReal", "CatalogVersion": "ZuseRunnersFR", "DisplayName": "OwnerStuffReal", "VirtualCurrencyPrices": {}, "Tags": [], "Consumable": {}, "CanBecomeCharacter": false, "IsStackable": false, "IsTradable": false, "IsLimitedEdition": false, "InitialLimitedEditionCount": 0}, {"ItemId": "Pencil", "ItemClass": "Pencil", "CatalogVersion": "ZuseRunnersFR", "DisplayName": "Pencil", "VirtualCurrencyPrices": {}, "Tags": [], "Consumable": {}, "CanBecomeCharacter": false, "IsStackable": false, "IsTradable": false, "IsLimitedEdition": false, "InitialLimitedEditionCount": 0}, {"ItemId": "Gavinshammer", "ItemClass": "Gavinshammer", "CatalogVersion": "ZuseRunnersFR", "DisplayName": "Gavinshammer", "VirtualCurrencyPrices": {}, "Tags": [], "Consumable": {}, "CanBecomeCharacter": false, "IsStackable": false, "IsTradable": false, "IsLimitedEdition": false, "InitialLimitedEditionCount": 0}, {"ItemId": "MrHammer", "ItemClass": "MrHammer", "CatalogVersion": "ZuseRunnersFR", "DisplayName": "MrHammer", "VirtualCurrencyPrices": {}, "Tags": [], "Consumable": {}, "CanBecomeCharacter": false, "IsStackable": false, "IsTradable": false, "IsLimitedEdition": false, "InitialLimitedEditionCount": 0}, {"ItemId": "ModBadge", "ItemClass": "ModBadge", "CatalogVersion": "ZuseRunnersFR", "DisplayName": "ModBadge", "VirtualCurrencyPrices": {}, "Tags": [], "Consumable": {}, "CanBecomeCharacter": false, "IsStackable": false, "IsTradable": false, "IsLimitedEdition": false, "InitialLimitedEditionCount": 0}, {"ItemId": "bubblesthingeys", "ItemClass": "bubblesthingeys", "CatalogVersion": "ZuseRunnersFR", "DisplayName": "bubblesthingeys", "VirtualCurrencyPrices": {}, "RealCurrencyPrices": {}, "Tags": [], "Consumable": {}, "CanBecomeCharacter": false, "IsStackable": false, "IsTradable": false, "IsLimitedEdition": false, "InitialLimitedEditionCount": 0}, {"ItemId": "ModRoom", "ItemClass": "ModRoom", "CatalogVersion": "ZuseRunnersFR", "DisplayName": "ModRoom", "VirtualCurrencyPrices": {}, "Tags": [], "Consumable": {}, "CanBecomeCharacter": false, "IsStackable": false, "IsTradable": false, "IsLimitedEdition": false, "InitialLimitedEditionCount": 0}]}