{"Catalog": [{"ItemId": "UmbrellaTransparent", "ItemClass": "UmbrellaTransparent", "CatalogVersion": "Catalog", "DisplayName": "UmbrellaTransparent", "VirtualCurrencyPrices": {"AP": 1000}, "RealCurrencyPrices": {}, "Tags": [], "Consumable": {}, "CanBecomeCharacter": false, "IsStackable": false, "IsTradable": false, "IsLimitedEdition": false, "InitialLimitedEditionCount": 0}, {"ItemId": "Umbrella", "ItemClass": "Umbrella", "CatalogVersion": "Catalog", "DisplayName": "Umbrella", "VirtualCurrencyPrices": {"AP": 1000}, "RealCurrencyPrices": {}, "Tags": [], "Consumable": {}, "CanBecomeCharacter": false, "IsStackable": false, "IsTradable": false, "IsLimitedEdition": false, "InitialLimitedEditionCount": 0}, {"ItemId": "UmbrellaWatermelon", "ItemClass": "UmbrellaWatermelon", "CatalogVersion": "Catalog", "DisplayName": "UmbrellaWatermelon", "VirtualCurrencyPrices": {"AP": 1000}, "RealCurrencyPrices": {}, "Tags": [], "Consumable": {}, "CanBecomeCharacter": false, "IsStackable": false, "IsTradable": false, "IsLimitedEdition": false, "InitialLimitedEditionCount": 0}, {"ItemId": "UmbrellaGold", "ItemClass": "UmbrellaGold", "CatalogVersion": "Catalog", "DisplayName": "UmbrellaGold", "VirtualCurrencyPrices": {"AP": 1500}, "RealCurrencyPrices": {}, "Tags": [], "Consumable": {}, "CanBecomeCharacter": false, "IsStackable": false, "IsTradable": false, "IsLimitedEdition": false, "InitialLimitedEditionCount": 0}, {"ItemId": "UmbrellaRainbow", "ItemClass": "UmbrellaRainbow", "CatalogVersion": "Catalog", "DisplayName": "UmbrellaRainbow", "VirtualCurrencyPrices": {"AP": 1000}, "RealCurrencyPrices": {}, "Tags": [], "Consumable": {}, "CanBecomeCharacter": false, "IsStackable": false, "IsTradable": false, "IsLimitedEdition": false, "InitialLimitedEditionCount": 0}, {"ItemId": "CardboardHelmet", "ItemClass": "CardboardHelmet", "CatalogVersion": "Catalog", "DisplayName": "CardboardHelmet", "VirtualCurrencyPrices": {"AP": 1500}, "RealCurrencyPrices": {}, "Tags": [], "Consumable": {}, "CanBecomeCharacter": false, "IsStackable": false, "IsTradable": false, "IsLimitedEdition": false, "InitialLimitedEditionCount": 0}, {"ItemId": "CardboardBox", "ItemClass": "CardboardBox", "CatalogVersion": "Catalog", "DisplayName": "CardboardBox", "VirtualCurrencyPrices": {"AP": 2500}, "RealCurrencyPrices": {}, "Tags": [], "Consumable": {}, "CanBecomeCharacter": false, "IsStackable": false, "IsTradable": false, "IsLimitedEdition": false, "InitialLimitedEditionCount": 0}, {"ItemId": "CardboardShield", "ItemClass": "CardboardShield", "CatalogVersion": "Catalog", "DisplayName": "CardboardShield", "VirtualCurrencyPrices": {"AP": 2000}, "RealCurrencyPrices": {}, "Tags": [], "Consumable": {}, "CanBecomeCharacter": false, "IsStackable": false, "IsTradable": false, "IsLimitedEdition": false, "InitialLimitedEditionCount": 0}, {"ItemId": "CardboardSword", "ItemClass": "CardboardSword", "CatalogVersion": "Catalog", "DisplayName": "CardboardSword", "VirtualCurrencyPrices": {"AP": 2000}, "RealCurrencyPrices": {}, "Tags": [], "Consumable": {}, "CanBecomeCharacter": false, "IsStackable": false, "IsTradable": false, "IsLimitedEdition": false, "InitialLimitedEditionCount": 0}, {"ItemId": "CardboardGun", "ItemClass": "CardboardGun", "CatalogVersion": "Catalog", "DisplayName": "CardboardGun", "VirtualCurrencyPrices": {"AP": 1000}, "RealCurrencyPrices": {}, "Tags": [], "Consumable": {}, "CanBecomeCharacter": false, "IsStackable": false, "IsTradable": false, "IsLimitedEdition": false, "InitialLimitedEditionCount": 0}, {"ItemId": "PoolBody", "ItemClass": "PoolBody", "CatalogVersion": "Catalog", "DisplayName": "PoolBody", "VirtualCurrencyPrices": {"AP": 1500}, "RealCurrencyPrices": {}, "Tags": [], "Consumable": {}, "CanBecomeCharacter": false, "IsStackable": false, "IsTradable": false, "IsLimitedEdition": false, "InitialLimitedEditionCount": 0}, {"ItemId": "SunHat", "ItemClass": "SunHat", "CatalogVersion": "Catalog", "DisplayName": "SunHat", "VirtualCurrencyPrices": {"AP": 500}, "RealCurrencyPrices": {}, "Tags": [], "Consumable": {}, "CanBecomeCharacter": false, "IsStackable": false, "IsTradable": false, "IsLimitedEdition": false, "InitialLimitedEditionCount": 0}, {"ItemId": "ConeHat", "ItemClass": "ConeHat", "CatalogVersion": "Catalog", "DisplayName": "ConeHat", "VirtualCurrencyPrices": {"AP": 500}, "RealCurrencyPrices": {}, "Tags": [], "Consumable": {}, "CanBecomeCharacter": false, "IsStackable": false, "IsTradable": false, "IsLimitedEdition": false, "InitialLimitedEditionCount": 0}, {"ItemId": "MelonHat", "ItemClass": "MelonHat", "CatalogVersion": "Catalog", "DisplayName": "MelonHat", "VirtualCurrencyPrices": {"AP": 500}, "RealCurrencyPrices": {}, "Tags": [], "Consumable": {}, "CanBecomeCharacter": false, "IsStackable": false, "IsTradable": false, "IsLimitedEdition": false, "InitialLimitedEditionCount": 0}, {"ItemId": "Backpack", "ItemClass": "Backpack", "CatalogVersion": "Catalog", "DisplayName": "Backpack", "VirtualCurrencyPrices": {"AP": 2000}, "RealCurrencyPrices": {}, "Tags": [], "Consumable": {}, "CanBecomeCharacter": false, "IsStackable": false, "IsTradable": false, "IsLimitedEdition": false, "InitialLimitedEditionCount": 0}, {"ItemId": "Popcicle1", "ItemClass": "Popcicle1", "CatalogVersion": "Catalog", "DisplayName": "Popcicle1", "VirtualCurrencyPrices": {"AP": 1000}, "RealCurrencyPrices": {}, "Tags": [], "Consumable": {}, "CanBecomeCharacter": false, "IsStackable": false, "IsTradable": false, "IsLimitedEdition": false, "InitialLimitedEditionCount": 0}, {"ItemId": "Popcicle2", "ItemClass": "Popcicle2", "CatalogVersion": "Catalog", "DisplayName": "Popcicle2", "VirtualCurrencyPrices": {"AP": 1000}, "RealCurrencyPrices": {}, "Tags": [], "Consumable": {}, "CanBecomeCharacter": false, "IsStackable": false, "IsTradable": false, "IsLimitedEdition": false, "InitialLimitedEditionCount": 0}, {"ItemId": "Popcicle3", "ItemClass": "Popcicle3", "CatalogVersion": "Catalog", "DisplayName": "Popcicle3", "VirtualCurrencyPrices": {"AP": 1000}, "RealCurrencyPrices": {}, "Tags": [], "Consumable": {}, "CanBecomeCharacter": false, "IsStackable": false, "IsTradable": false, "IsLimitedEdition": false, "InitialLimitedEditionCount": 0}, {"ItemId": "Pan", "ItemClass": "Pan", "CatalogVersion": "Catalog", "DisplayName": "Pan", "VirtualCurrencyPrices": {"AP": 2000}, "RealCurrencyPrices": {}, "Tags": [], "Consumable": {}, "CanBecomeCharacter": false, "IsStackable": false, "IsTradable": false, "IsLimitedEdition": false, "InitialLimitedEditionCount": 0}, {"ItemId": "TopHat", "ItemClass": "TopHat", "CatalogVersion": "Catalog", "DisplayName": "TopHat", "VirtualCurrencyPrices": {"AP": 500}, "RealCurrencyPrices": {}, "Tags": [], "Consumable": {}, "CanBecomeCharacter": false, "IsStackable": false, "IsTradable": false, "IsLimitedEdition": false, "InitialLimitedEditionCount": 0}, {"ItemId": "Waterbottle", "ItemClass": "Waterbottle", "CatalogVersion": "Catalog", "DisplayName": "Waterbottle", "VirtualCurrencyPrices": {"AP": 1000}, "RealCurrencyPrices": {}, "Tags": [], "Consumable": {}, "CanBecomeCharacter": false, "IsStackable": false, "IsTradable": false, "IsLimitedEdition": false, "InitialLimitedEditionCount": 0}, {"ItemId": "RainHat", "ItemClass": "RainHat", "CatalogVersion": "Catalog", "DisplayName": "RainHat", "VirtualCurrencyPrices": {"AP": 500}, "RealCurrencyPrices": {}, "Tags": [], "Consumable": {}, "CanBecomeCharacter": false, "IsStackable": false, "IsTradable": false, "IsLimitedEdition": false, "InitialLimitedEditionCount": 0}, {"ItemId": "RubberDuck", "ItemClass": "RubberDuck", "CatalogVersion": "Catalog", "DisplayName": "RubberDuck", "VirtualCurrencyPrices": {"AP": 1000}, "RealCurrencyPrices": {}, "Tags": [], "Consumable": {}, "CanBecomeCharacter": false, "IsStackable": false, "IsTradable": false, "IsLimitedEdition": false, "InitialLimitedEditionCount": 0}, {"ItemId": "GoldRubberDuck", "ItemClass": "GoldRubberDuck", "CatalogVersion": "Catalog", "DisplayName": "GoldRubberDuck", "VirtualCurrencyPrices": {"AP": 5000}, "Tags": [], "Consumable": {}, "CanBecomeCharacter": false, "IsStackable": false, "IsTradable": false, "IsLimitedEdition": false, "InitialLimitedEditionCount": 0}, {"ItemId": "Nitro", "ItemClass": "Nitro", "CatalogVersion": "Catalog", "DisplayName": "Nitro", "VirtualCurrencyPrices": {}, "RealCurrencyPrices": {}, "Tags": [], "Consumable": {}, "CanBecomeCharacter": false, "IsStackable": false, "IsTradable": false, "IsLimitedEdition": false, "InitialLimitedEditionCount": 0}]}