{"Catalog": [{"ItemId": "wizardhat", "CatalogVersion": "Cosmetics", "DisplayName": "WizardHat", "VirtualCurrencyPrices": {"BA": 1000}, "RealCurrencyPrices": {}, "Tags": ["\"cosmetic\"", "\"head\""], "Consumable": {}, "CanBecomeCharacter": false, "IsStackable": false, "IsTradable": false, "IsLimitedEdition": false, "InitialLimitedEditionCount": 0}, {"ItemId": "elfears", "CatalogVersion": "Cosmetics", "DisplayName": "ElfEars", "VirtualCurrencyPrices": {"BA": 500}, "RealCurrencyPrices": {}, "Tags": ["\"cosmetic\"", "\"head\""], "Consumable": {}, "CanBecomeCharacter": false, "IsStackable": false, "IsTradable": false, "IsLimitedEdition": false, "InitialLimitedEditionCount": 0}, {"ItemId": "sunflower", "CatalogVersion": "Cosmetics", "DisplayName": "Sunflower", "VirtualCurrencyPrices": {"BA": 1000}, "RealCurrencyPrices": {}, "Tags": [], "Consumable": {}, "CanBecomeCharacter": false, "IsStackable": false, "IsTradable": false, "IsLimitedEdition": false, "InitialLimitedEditionCount": 0}, {"ItemId": "tophat", "CatalogVersion": "Cosmetics", "DisplayName": "TopHat", "VirtualCurrencyPrices": {"BA": 500}, "RealCurrencyPrices": {}, "Tags": [], "Consumable": {}, "CanBecomeCharacter": false, "IsStackable": false, "IsTradable": false, "IsLimitedEdition": false, "InitialLimitedEditionCount": 0}, {"ItemId": "crown", "CatalogVersion": "Cosmetics", "DisplayName": "Crown", "VirtualCurrencyPrices": {"BA": 3000}, "RealCurrencyPrices": {}, "Tags": ["\"cosmetic\"", "\"head\""], "Consumable": {}, "CanBecomeCharacter": false, "IsStackable": false, "IsTradable": false, "IsLimitedEdition": false, "InitialLimitedEditionCount": 0}, {"ItemId": "floatie", "CatalogVersion": "Cosmetics", "DisplayName": "Floatie", "VirtualCurrencyPrices": {"BA": 1000}, "RealCurrencyPrices": {}, "Tags": ["\"cosmetic\"", "\"body\""], "Consumable": {}, "CanBecomeCharacter": false, "IsStackable": false, "IsTradable": false, "IsLimitedEdition": false, "InitialLimitedEditionCount": 0}, {"ItemId": "skateboard", "CatalogVersion": "Cosmetics", "DisplayName": "SkateBoard", "VirtualCurrencyPrices": {"BA": 1000}, "RealCurrencyPrices": {}, "Tags": ["\"cosmetic\"", "\"body\""], "Consumable": {}, "CanBecomeCharacter": false, "IsStackable": false, "IsTradable": false, "IsLimitedEdition": false, "InitialLimitedEditionCount": 0}, {"ItemId": "saucer", "CatalogVersion": "Cosmetics", "DisplayName": "Saucer", "VirtualCurrencyPrices": {"BA": 1000}, "RealCurrencyPrices": {}, "Tags": ["\"cosmetic\"", "\"body\""], "Consumable": {}, "CanBecomeCharacter": false, "IsStackable": false, "IsTradable": false, "IsLimitedEdition": false, "InitialLimitedEditionCount": 0}, {"ItemId": "sunhat", "CatalogVersion": "Cosmetics", "DisplayName": "SunHat", "VirtualCurrencyPrices": {"BA": 500}, "RealCurrencyPrices": {}, "Tags": ["\"cosmetic\"", "\"head\""], "Consumable": {}, "CanBecomeCharacter": false, "IsStackable": false, "IsTradable": false, "IsLimitedEdition": false, "InitialLimitedEditionCount": 0}, {"ItemId": "catears", "CatalogVersion": "Cosmetics", "DisplayName": "CatEars", "VirtualCurrencyPrices": {"BA": 500}, "Tags": ["\"cosmetic\"", "\"head\""], "Consumable": {}, "CanBecomeCharacter": false, "IsStackable": false, "IsTradable": false, "IsLimitedEdition": false, "InitialLimitedEditionCount": 0}, {"ItemId": "umbrellahat", "CatalogVersion": "Cosmetics", "DisplayName": "UmbrellaHat", "VirtualCurrencyPrices": {"BA": 1000}, "RealCurrencyPrices": {}, "Tags": ["\"cosmetic\"", "\"head\""], "Consumable": {}, "CanBecomeCharacter": false, "IsStackable": false, "IsTradable": false, "IsLimitedEdition": false, "InitialLimitedEditionCount": 0}, {"ItemId": "sunglasses", "CatalogVersion": "Cosmetics", "DisplayName": "Sunglasses", "VirtualCurrencyPrices": {"BA": 500}, "Tags": ["\"cosmetic\"", "\"face\""], "Consumable": {}, "CanBecomeCharacter": false, "IsStackable": false, "IsTradable": false, "IsLimitedEdition": false, "InitialLimitedEditionCount": 0}, {"ItemId": "supporterbadge", "CatalogVersion": "Cosmetics", "DisplayName": "SupporterBadge", "VirtualCurrencyPrices": {"BA": 0}, "RealCurrencyPrices": {}, "Tags": ["\"cosmetic\"", "\"body\""], "Consumable": {}, "CanBecomeCharacter": false, "IsStackable": false, "IsTradable": false, "IsLimitedEdition": false, "InitialLimitedEditionCount": 0}, {"ItemId": "camerabadge", "CatalogVersion": "Cosmetics", "DisplayName": "CameraBadge", "VirtualCurrencyPrices": {"BA": 10000}, "RealCurrencyPrices": {}, "Tags": ["\"cosmetic\"", "\"body\""], "Consumable": {}, "CanBecomeCharacter": false, "IsStackable": false, "IsTradable": false, "IsLimitedEdition": false, "InitialLimitedEditionCount": 0}, {"ItemId": "betabadge", "CatalogVersion": "Cosmetics", "DisplayName": "BetaBadge", "VirtualCurrencyPrices": {"BA": 10000}, "RealCurrencyPrices": {}, "Tags": ["\"cosmetic\"", "\"body\""], "Consumable": {}, "CanBecomeCharacter": false, "IsStackable": false, "IsTradable": false, "IsLimitedEdition": false, "InitialLimitedEditionCount": 0}, {"ItemId": "modbadge", "CatalogVersion": "Cosmetics", "DisplayName": "ModBadge", "VirtualCurrencyPrices": {"BA": 10000}, "Tags": ["\"cosmetic\"", "\"body\""], "Consumable": {}, "CanBecomeCharacter": false, "IsStackable": false, "IsTradable": false, "IsLimitedEdition": false, "InitialLimitedEditionCount": 0}, {"ItemId": "coconut", "CatalogVersion": "Cosmetics", "DisplayName": "Coconut", "VirtualCurrencyPrices": {"BA": 500}, "Tags": ["\"cosmetic\"", "\"head\""], "Consumable": {}, "CanBecomeCharacter": false, "IsStackable": false, "IsTradable": false, "IsLimitedEdition": false, "InitialLimitedEditionCount": 0}, {"ItemId": "watermelon", "CatalogVersion": "Cosmetics", "DisplayName": "Watermelon", "VirtualCurrencyPrices": {"BA": 500}, "Tags": ["\"cosmetic\"", "\"head\""], "Consumable": {}, "CanBecomeCharacter": false, "IsStackable": false, "IsTradable": false, "IsLimitedEdition": false, "InitialLimitedEditionCount": 0}, {"ItemId": "circleglasses", "CatalogVersion": "Cosmetics", "DisplayName": "CircleGlasses", "VirtualCurrencyPrices": {"BA": 500}, "Tags": ["\"cosmetic\"", "\"face\""], "Consumable": {}, "CanBecomeCharacter": false, "IsStackable": false, "IsTradable": false, "IsLimitedEdition": false, "InitialLimitedEditionCount": 0}, {"ItemId": "bigeyes", "CatalogVersion": "Cosmetics", "DisplayName": "BigEyes", "VirtualCurrencyPrices": {"BA": 500}, "RealCurrencyPrices": {}, "Tags": ["\"cosmetic\"", "\"face\""], "Consumable": {}, "CanBecomeCharacter": false, "IsStackable": false, "IsTradable": false, "IsLimitedEdition": false, "InitialLimitedEditionCount": 0}, {"ItemId": "moustache", "CatalogVersion": "Cosmetics", "DisplayName": "Moustache", "VirtualCurrencyPrices": {"BA": 500}, "Tags": ["\"cosmetic\"", "\"face\""], "Consumable": {}, "CanBecomeCharacter": false, "IsStackable": false, "IsTradable": false, "IsLimitedEdition": false, "InitialLimitedEditionCount": 0}, {"ItemId": "springeyes", "CatalogVersion": "Cosmetics", "DisplayName": "SpringEyes", "VirtualCurrencyPrices": {"BA": 1000}, "Tags": ["\"cosmetic\"", "\"face\""], "Consumable": {}, "CanBecomeCharacter": false, "IsStackable": false, "IsTradable": false, "IsLimitedEdition": false, "InitialLimitedEditionCount": 0}, {"ItemId": "tongue", "CatalogVersion": "Cosmetics", "DisplayName": "Tongue", "VirtualCurrencyPrices": {"BA": 500}, "Tags": ["\"cosmetic\"", "\"face\""], "Consumable": {}, "CanBecomeCharacter": false, "IsStackable": false, "IsTradable": false, "IsLimitedEdition": false, "InitialLimitedEditionCount": 0}, {"ItemId": "facelollipop", "CatalogVersion": "Cosmetics", "DisplayName": "FaceLollipop", "VirtualCurrencyPrices": {"BA": 500}, "Tags": ["\"cosmetic\"", "\"face\""], "Consumable": {}, "CanBecomeCharacter": false, "IsStackable": false, "IsTradable": false, "IsLimitedEdition": false, "InitialLimitedEditionCount": 0}, {"ItemId": "whiskers", "CatalogVersion": "Cosmetics", "DisplayName": "Whiskers", "VirtualCurrencyPrices": {"BA": 1000}, "Tags": ["\"cosmetic\"", "\"face\""], "Consumable": {}, "CanBecomeCharacter": false, "IsStackable": false, "IsTradable": false, "IsLimitedEdition": false, "InitialLimitedEditionCount": 0}, {"ItemId": "toast", "CatalogVersion": "Cosmetics", "DisplayName": "Toast", "VirtualCurrencyPrices": {"BA": 1000000}, "RealCurrencyPrices": {}, "Tags": ["\"cosmetic\"", "\"hand\""], "Consumable": {}, "CanBecomeCharacter": false, "IsStackable": false, "IsTradable": false, "IsLimitedEdition": false, "InitialLimitedEditionCount": 0}, {"ItemId": "shirtbrand", "CatalogVersion": "Cosmetics", "DisplayName": "ShirtBrand", "VirtualCurrencyPrices": {"BA": 1500}, "RealCurrencyPrices": {}, "Tags": ["\"cosmetic\"", "\"body\""], "Consumable": {}, "CanBecomeCharacter": false, "IsStackable": false, "IsTradable": false, "IsLimitedEdition": false, "InitialLimitedEditionCount": 0}, {"ItemId": "shirtlebron", "CatalogVersion": "Cosmetics", "DisplayName": "ShirtLebron", "VirtualCurrencyPrices": {"BA": 1500}, "RealCurrencyPrices": {}, "Tags": ["\"cosmetic\"", "\"body\""], "Consumable": {}, "CanBecomeCharacter": false, "IsStackable": false, "IsTradable": false, "IsLimitedEdition": false, "InitialLimitedEditionCount": 0}, {"ItemId": "shirtheart", "CatalogVersion": "Cosmetics", "DisplayName": "ShirtHeart", "VirtualCurrencyPrices": {"BA": 1500}, "RealCurrencyPrices": {}, "Tags": ["\"cosmetic\"", "\"body\""], "Consumable": {}, "CanBecomeCharacter": false, "IsStackable": false, "IsTradable": false, "IsLimitedEdition": false, "InitialLimitedEditionCount": 0}, {"ItemId": "shirtrainbow", "CatalogVersion": "Cosmetics", "DisplayName": "ShirtRainbow", "VirtualCurrencyPrices": {"BA": 1500}, "RealCurrencyPrices": {}, "Tags": ["\"cosmetic\"", "\"body\""], "Consumable": {}, "CanBecomeCharacter": false, "IsStackable": false, "IsTradable": false, "IsLimitedEdition": false, "InitialLimitedEditionCount": 0}, {"ItemId": "shirtswirl", "CatalogVersion": "Cosmetics", "DisplayName": "ShirtSwirl", "VirtualCurrencyPrices": {"BA": 1500}, "RealCurrencyPrices": {}, "Tags": ["\"cosmetic\"", "\"body\""], "Consumable": {}, "CanBecomeCharacter": false, "IsStackable": false, "IsTradable": false, "IsLimitedEdition": false, "InitialLimitedEditionCount": 0}, {"ItemId": "shirtgold", "CatalogVersion": "Cosmetics", "DisplayName": "ShirtGold", "VirtualCurrencyPrices": {"BA": 4000}, "Tags": ["\"cosmetic\"", "\"body\""], "Consumable": {}, "CanBecomeCharacter": false, "IsStackable": false, "IsTradable": false, "IsLimitedEdition": false, "InitialLimitedEditionCount": 0}, {"ItemId": "galaxytophat", "CatalogVersion": "Cosmetics", "DisplayName": "GalaxyTopHat", "VirtualCurrencyPrices": {"BA": 1000}, "Tags": ["\"cosmetic\"", "\"head\""], "Consumable": {}, "CanBecomeCharacter": false, "IsStackable": false, "IsTradable": false, "IsLimitedEdition": false, "InitialLimitedEditionCount": 0}, {"ItemId": "shirtgalaxy", "CatalogVersion": "Cosmetics", "DisplayName": "ShirtGalaxy", "VirtualCurrencyPrices": {"BA": 1000}, "Tags": ["\"cosmetic\"", "\"body\""], "Consumable": {}, "CanBecomeCharacter": false, "IsStackable": false, "IsTradable": false, "IsLimitedEdition": false, "InitialLimitedEditionCount": 0}, {"ItemId": "galaxycrown", "CatalogVersion": "Cosmetics", "DisplayName": "GalaxyCrown", "VirtualCurrencyPrices": {"BA": 1000}, "Tags": ["\"cosmetic\"", "\"head\""], "Consumable": {}, "CanBecomeCharacter": false, "IsStackable": false, "IsTradable": false, "IsLimitedEdition": false, "InitialLimitedEditionCount": 0}, {"ItemId": "galaxyeyes", "CatalogVersion": "Cosmetics", "DisplayName": "GalaxyEyes", "VirtualCurrencyPrices": {"BA": 1000}, "Tags": ["\"cosmetic\"", "\"face\""], "Consumable": {}, "CanBecomeCharacter": false, "IsStackable": false, "IsTradable": false, "IsLimitedEdition": false, "InitialLimitedEditionCount": 0}, {"ItemId": "galaxybundle", "CatalogVersion": "Cosmetics", "DisplayName": "GalaxyBundle", "VirtualCurrencyPrices": {"BA": 0}, "RealCurrencyPrices": {}, "Tags": ["bundle"], "Consumable": {}, "Bundle": {"BundledItems": ["galaxytophat", "shirtgalaxy", "galaxycrown", "galaxyeyes"], "BundledResultTables": [], "BundledVirtualCurrencies": {"BA": 1000}}, "CanBecomeCharacter": false, "IsStackable": false, "IsTradable": false, "IsLimitedEdition": false, "InitialLimitedEditionCount": 0}, {"ItemId": "spaceface", "CatalogVersion": "Cosmetics", "DisplayName": "SpaceFace", "VirtualCurrencyPrices": {"BA": 1000}, "Tags": ["\"cosmetic\"", "\"face\""], "Consumable": {}, "CanBecomeCharacter": false, "IsStackable": false, "IsTradable": false, "IsLimitedEdition": false, "InitialLimitedEditionCount": 0}, {"ItemId": "blockface", "CatalogVersion": "Cosmetics", "DisplayName": "BlockFace", "VirtualCurrencyPrices": {"BA": 500}, "Tags": ["\"cosmetic\"", "\"face\""], "Consumable": {}, "CanBecomeCharacter": false, "IsStackable": false, "IsTradable": false, "IsLimitedEdition": false, "InitialLimitedEditionCount": 0}, {"ItemId": "swirlface", "CatalogVersion": "Cosmetics", "DisplayName": "SwirlFace", "VirtualCurrencyPrices": {"BA": 500}, "Tags": ["\"cosmetic\"", "\"face\""], "Consumable": {}, "CanBecomeCharacter": false, "IsStackable": false, "IsTradable": false, "IsLimitedEdition": false, "InitialLimitedEditionCount": 0}, {"ItemId": "note", "CatalogVersion": "Cosmetics", "DisplayName": "Note", "VirtualCurrencyPrices": {"BA": 500}, "Tags": ["\"cosmetic\"", "\"face\""], "Consumable": {}, "CanBecomeCharacter": false, "IsStackable": false, "IsTradable": false, "IsLimitedEdition": false, "InitialLimitedEditionCount": 0}, {"ItemId": "guitar", "CatalogVersion": "Cosmetics", "DisplayName": "Guitar", "VirtualCurrencyPrices": {"BA": 1000}, "Tags": ["\"cosmetic\"", "\"body\""], "Consumable": {}, "CanBecomeCharacter": false, "IsStackable": false, "IsTradable": false, "IsLimitedEdition": false, "InitialLimitedEditionCount": 0}, {"ItemId": "chestboard", "CatalogVersion": "Cosmetics", "DisplayName": "ChestBoard", "VirtualCurrencyPrices": {"BA": 1000}, "Tags": ["\"cosmetic\"", "\"body\""], "Consumable": {}, "CanBecomeCharacter": false, "IsStackable": false, "IsTradable": false, "IsLimitedEdition": false, "InitialLimitedEditionCount": 0}, {"ItemId": "buckteeth", "CatalogVersion": "Cosmetics", "DisplayName": "BuckTeeth", "VirtualCurrencyPrices": {"BA": 500}, "Tags": ["\"cosmetic\"", "\"face\""], "Consumable": {}, "CanBecomeCharacter": false, "IsStackable": false, "IsTradable": false, "IsLimitedEdition": false, "InitialLimitedEditionCount": 0}, {"ItemId": "shirtcamo", "CatalogVersion": "Cosmetics", "DisplayName": "ShirtCamo", "VirtualCurrencyPrices": {"BA": 1500}, "RealCurrencyPrices": {}, "Tags": ["\"cosmetic\"", "\"body\""], "Consumable": {}, "CanBecomeCharacter": false, "IsStackable": false, "IsTradable": false, "IsLimitedEdition": false, "InitialLimitedEditionCount": 0}, {"ItemId": "goldchain", "CatalogVersion": "Cosmetics", "DisplayName": "GoldChain", "VirtualCurrencyPrices": {"BA": 3000}, "Tags": ["\"cosmetic\"", "\"body\""], "Consumable": {}, "CanBecomeCharacter": false, "IsStackable": false, "IsTradable": false, "IsLimitedEdition": false, "InitialLimitedEditionCount": 0}, {"ItemId": "earlysupporter", "CatalogVersion": "Cosmetics", "DisplayName": "EarlySupporter", "VirtualCurrencyPrices": {"BA": 0}, "RealCurrencyPrices": {}, "Tags": ["\"cosmetic\"", "\"body\""], "Consumable": {}, "CanBecomeCharacter": false, "IsStackable": false, "IsTradable": false, "IsLimitedEdition": false, "InitialLimitedEditionCount": 0}, {"ItemId": "apron", "CatalogVersion": "Cosmetics", "DisplayName": "Apron", "VirtualCurrencyPrices": {"BA": 1000}, "Tags": ["\"cosmetic\"", "\"body\""], "Consumable": {}, "CanBecomeCharacter": false, "IsStackable": false, "IsTradable": false, "IsLimitedEdition": false, "InitialLimitedEditionCount": 0}, {"ItemId": "fez", "CatalogVersion": "Cosmetics", "DisplayName": "Fez", "VirtualCurrencyPrices": {"BA": 500}, "Tags": ["\"cosmetic\"", "\"head\""], "Consumable": {}, "CanBecomeCharacter": false, "IsStackable": false, "IsTradable": false, "IsLimitedEdition": false, "InitialLimitedEditionCount": 0}, {"ItemId": "beaniebluered", "CatalogVersion": "Cosmetics", "DisplayName": "BeanieBlueRed", "VirtualCurrencyPrices": {"BA": 500}, "RealCurrencyPrices": {}, "Tags": ["\"cosmetic\"", "\"head\""], "Consumable": {}, "CanBecomeCharacter": false, "IsStackable": false, "IsTradable": false, "IsLimitedEdition": false, "InitialLimitedEditionCount": 0}, {"ItemId": "beaniegreenyellow", "CatalogVersion": "Cosmetics", "DisplayName": "BeanieGreenYellow", "VirtualCurrencyPrices": {"BA": 500}, "RealCurrencyPrices": {}, "Tags": ["\"cosmetic\"", "\"head\""], "Consumable": {}, "CanBecomeCharacter": false, "IsStackable": false, "IsTradable": false, "IsLimitedEdition": false, "InitialLimitedEditionCount": 0}, {"ItemId": "microphone", "CatalogVersion": "Cosmetics", "DisplayName": "Microphone", "VirtualCurrencyPrices": {"BA": 500}, "Tags": ["\"cosmetic\"", "\"hand\""], "Consumable": {}, "CanBecomeCharacter": false, "IsStackable": false, "IsTradable": false, "IsLimitedEdition": false, "InitialLimitedEditionCount": 0}, {"ItemId": "popcorn", "CatalogVersion": "Cosmetics", "DisplayName": "Popcorn", "VirtualCurrencyPrices": {"BA": 500}, "Tags": ["\"cosmetic\"", "\"hand\""], "Consumable": {}, "CanBecomeCharacter": false, "IsStackable": false, "IsTradable": false, "IsLimitedEdition": false, "InitialLimitedEditionCount": 0}, {"ItemId": "bracelet", "CatalogVersion": "Cosmetics", "DisplayName": "Bracelet", "VirtualCurrencyPrices": {"BA": 1000}, "Tags": ["\"cosmetic\"", "\"hand\""], "Consumable": {}, "CanBecomeCharacter": false, "IsStackable": false, "IsTradable": false, "IsLimitedEdition": false, "InitialLimitedEditionCount": 0}, {"ItemId": "suitcase", "CatalogVersion": "Cosmetics", "DisplayName": "Suitcase", "VirtualCurrencyPrices": {"BA": 1500}, "Tags": ["\"cosmetic\"", "\"hand\""], "Consumable": {}, "CanBecomeCharacter": false, "IsStackable": false, "IsTradable": false, "IsLimitedEdition": false, "InitialLimitedEditionCount": 0}, {"ItemId": "ruler", "CatalogVersion": "Cosmetics", "DisplayName": "Ruler", "VirtualCurrencyPrices": {"BA": 500}, "Tags": [], "Consumable": {}, "CanBecomeCharacter": false, "IsStackable": false, "IsTradable": false, "IsLimitedEdition": false, "InitialLimitedEditionCount": 0}, {"ItemId": "compass", "CatalogVersion": "Cosmetics", "DisplayName": "Compass", "VirtualCurrencyPrices": {"BA": 500}, "Tags": ["\"cosmetic\"", "\"hand\""], "Consumable": {}, "CanBecomeCharacter": false, "IsStackable": false, "IsTradable": false, "IsLimitedEdition": false, "InitialLimitedEditionCount": 0}, {"ItemId": "brick", "CatalogVersion": "Cosmetics", "DisplayName": "Brick", "VirtualCurrencyPrices": {"BA": 500}, "RealCurrencyPrices": {}, "Tags": ["\"cosmetic\"", "\"hand\""], "Consumable": {}, "CanBecomeCharacter": false, "IsStackable": false, "IsTradable": false, "IsLimitedEdition": false, "InitialLimitedEditionCount": 0}, {"ItemId": "goldbrick", "CatalogVersion": "Cosmetics", "DisplayName": "GoldBrick", "VirtualCurrencyPrices": {"BA": 4000}, "Tags": [], "Consumable": {}, "CanBecomeCharacter": false, "IsStackable": false, "IsTradable": false, "IsLimitedEdition": false, "InitialLimitedEditionCount": 0}, {"ItemId": "banana", "CatalogVersion": "Cosmetics", "DisplayName": "Banana", "VirtualCurrencyPrices": {"BA": 1000}, "Tags": ["\"cosmetic\"", "\"hand\""], "Consumable": {}, "CanBecomeCharacter": false, "IsStackable": false, "IsTradable": false, "IsLimitedEdition": false, "InitialLimitedEditionCount": 0}, {"ItemId": "crystalbanana", "CatalogVersion": "Cosmetics", "DisplayName": "CrystalBanana", "VirtualCurrencyPrices": {"BA": 1500}, "Tags": ["\"cosmetic\"", "\"hand\""], "Consumable": {}, "CanBecomeCharacter": false, "IsStackable": false, "IsTradable": false, "IsLimitedEdition": false, "InitialLimitedEditionCount": 0}, {"ItemId": "clapper", "CatalogVersion": "Cosmetics", "DisplayName": "Clapper", "VirtualCurrencyPrices": {"BA": 1000}, "Tags": ["\"cosmetic\"", "\"hand\""], "Consumable": {}, "CanBecomeCharacter": false, "IsStackable": false, "IsTradable": false, "IsLimitedEdition": false, "InitialLimitedEditionCount": 0}, {"ItemId": "wand", "CatalogVersion": "Cosmetics", "DisplayName": "Wand", "VirtualCurrencyPrices": {"BA": 1000}, "Tags": ["\"cosmetic\"", "\"hand\""], "Consumable": {}, "CanBecomeCharacter": false, "IsStackable": false, "IsTradable": false, "IsLimitedEdition": false, "InitialLimitedEditionCount": 0}, {"ItemId": "moneystack", "CatalogVersion": "Cosmetics", "DisplayName": "MoneyStack", "VirtualCurrencyPrices": {"BA": 1000}, "Tags": ["\"cosmetic\"", "\"hand\""], "Consumable": {}, "CanBecomeCharacter": false, "IsStackable": false, "IsTradable": false, "IsLimitedEdition": false, "InitialLimitedEditionCount": 0}, {"ItemId": "pizzaslice", "CatalogVersion": "Cosmetics", "DisplayName": "PizzaSlice", "VirtualCurrencyPrices": {"BA": 500}, "Tags": ["\"cosmetic\"", "\"hand\""], "Consumable": {}, "CanBecomeCharacter": false, "IsStackable": false, "IsTradable": false, "IsLimitedEdition": false, "InitialLimitedEditionCount": 0}, {"ItemId": "sign", "CatalogVersion": "Cosmetics", "DisplayName": "Sign", "VirtualCurrencyPrices": {"BA": 1500}, "Tags": ["\"cosmetic\"", "\"hand\""], "Consumable": {}, "CanBecomeCharacter": false, "IsStackable": false, "IsTradable": false, "IsLimitedEdition": false, "InitialLimitedEditionCount": 0}, {"ItemId": "tvhead", "CatalogVersion": "Cosmetics", "DisplayName": "TVHead", "VirtualCurrencyPrices": {"BA": 0}, "Tags": ["\"cosmetic\"", "\"head\""], "Consumable": {}, "CanBecomeCharacter": false, "IsStackable": false, "IsTradable": false, "IsLimitedEdition": false, "InitialLimitedEditionCount": 0}, {"ItemId": "rainbowtophat", "CatalogVersion": "Cosmetics", "DisplayName": "RainbowTopHat", "VirtualCurrencyPrices": {"BA": 0}, "Tags": ["\"cosmetic\"", "\"head\""], "Consumable": {}, "CanBecomeCharacter": false, "IsStackable": false, "IsTradable": false, "IsLimitedEdition": false, "InitialLimitedEditionCount": 0}, {"ItemId": "tapechest", "CatalogVersion": "Cosmetics", "DisplayName": "TapeChest", "VirtualCurrencyPrices": {"BA": 0}, "RealCurrencyPrices": {}, "Tags": ["\"cosmetic\"", "\"body\""], "Consumable": {}, "CanBecomeCharacter": false, "IsStackable": false, "IsTradable": false, "IsLimitedEdition": false, "InitialLimitedEditionCount": 0}, {"ItemId": "arlobeanie", "CatalogVersion": "Cosmetics", "DisplayName": "ArloBeanie", "VirtualCurrencyPrices": {"BA": 1500}, "RealCurrencyPrices": {}, "Tags": ["\"cosmetic\"", "\"head\""], "Consumable": {}, "CanBecomeCharacter": false, "IsStackable": false, "IsTradable": false, "IsLimitedEdition": false, "InitialLimitedEditionCount": 0}, {"ItemId": "elliotbeanie", "CatalogVersion": "Cosmetics", "DisplayName": "ElliotBeanie", "VirtualCurrencyPrices": {"BA": 1500}, "RealCurrencyPrices": {}, "Tags": [], "Consumable": {}, "CanBecomeCharacter": false, "IsStackable": false, "IsTradable": false, "IsLimitedEdition": false, "InitialLimitedEditionCount": 0}, {"ItemId": "realears", "CatalogVersion": "Cosmetics", "DisplayName": "RealEars", "VirtualCurrencyPrices": {"BA": 1500}, "RealCurrencyPrices": {}, "Tags": ["\"cosmetic\"", "\"head\""], "Consumable": {}, "CanBecomeCharacter": false, "IsStackable": false, "IsTradable": false, "IsLimitedEdition": false, "InitialLimitedEditionCount": 0}, {"ItemId": "overalls", "CatalogVersion": "Cosmetics", "DisplayName": "Overalls", "VirtualCurrencyPrices": {"BA": 2000}, "RealCurrencyPrices": {}, "Tags": ["\"cosmetic\"", "\"body\""], "Consumable": {}, "CanBecomeCharacter": false, "IsStackable": false, "IsTradable": false, "IsLimitedEdition": false, "InitialLimitedEditionCount": 0}, {"ItemId": "bananahead", "CatalogVersion": "Cosmetics", "DisplayName": "BananaHead", "VirtualCurrencyPrices": {"BA": 1500}, "RealCurrencyPrices": {}, "Tags": [], "Consumable": {}, "CanBecomeCharacter": false, "IsStackable": false, "IsTradable": false, "IsLimitedEdition": false, "InitialLimitedEditionCount": 0}, {"ItemId": "menunormal", "CatalogVersion": "Cosmetics", "DisplayName": "MenuNormal", "VirtualCurrencyPrices": {"BA": 4000}, "RealCurrencyPrices": {}, "Tags": ["\"cosmetic\"", "\"hand\""], "Consumable": {}, "CanBecomeCharacter": false, "IsStackable": false, "IsTradable": false, "IsLimitedEdition": false, "InitialLimitedEditionCount": 0}, {"ItemId": "menugold", "CatalogVersion": "Cosmetics", "DisplayName": "MenuGold", "VirtualCurrencyPrices": {"BA": 6000}, "RealCurrencyPrices": {}, "Tags": ["\"cosmetic\"", "\"hand\""], "Consumable": {}, "CanBecomeCharacter": false, "IsStackable": false, "IsTradable": false, "IsLimitedEdition": false, "InitialLimitedEditionCount": 0}, {"ItemId": "menugalaxy", "CatalogVersion": "Cosmetics", "DisplayName": "MenuGalaxy", "VirtualCurrencyPrices": {"BA": 8000}, "Tags": ["\"cosmetic\"", "\"hand\""], "Consumable": {}, "CanBecomeCharacter": false, "IsStackable": false, "IsTradable": false, "IsLimitedEdition": false, "InitialLimitedEditionCount": 0}, {"ItemId": "monosphere", "CatalogVersion": "Cosmetics", "DisplayName": "MonoSphere", "VirtualCurrencyPrices": {"BA": 9999999}, "Tags": ["\"cosmetic\"", "\"head\""], "Consumable": {}, "CanBecomeCharacter": false, "IsStackable": false, "IsTradable": false, "IsLimitedEdition": false, "InitialLimitedEditionCount": 0}, {"ItemId": "menuop", "CatalogVersion": "Cosmetics", "DisplayName": "MenuOP", "VirtualCurrencyPrices": {"BA": 9999999}, "Tags": ["\"cosmetic\"", "\"hand\""], "Consumable": {}, "CanBecomeCharacter": false, "IsStackable": false, "IsTradable": false, "IsLimitedEdition": false, "InitialLimitedEditionCount": 0}, {"ItemId": "k9face", "CatalogVersion": "Cosmetics", "DisplayName": "K9Face", "VirtualCurrencyPrices": {"BA": 1500}, "RealCurrencyPrices": {}, "Tags": ["\"cosmetic\"", "\"head\""], "Consumable": {}, "CanBecomeCharacter": false, "IsStackable": false, "IsTradable": false, "IsLimitedEdition": false, "InitialLimitedEditionCount": 0}, {"ItemId": "arrowhead", "CatalogVersion": "Cosmetics", "DisplayName": "ArrowHead", "VirtualCurrencyPrices": {"BA": 0}, "Tags": ["\"cosmetic\"", "\"head\""], "Consumable": {}, "CanBecomeCharacter": false, "IsStackable": false, "IsTradable": false, "IsLimitedEdition": false, "InitialLimitedEditionCount": 0}, {"ItemId": "maxosweatband", "CatalogVersion": "Cosmetics", "DisplayName": "MaxoSweatband", "VirtualCurrencyPrices": {"BA": 1000}, "Tags": ["\"cosmetic\"", "\"head\""], "Consumable": {}, "CanBecomeCharacter": false, "IsStackable": false, "IsTradable": false, "IsLimitedEdition": false, "InitialLimitedEditionCount": 0}, {"ItemId": "erikglasses", "CatalogVersion": "Cosmetics", "DisplayName": "ErikGlasses", "VirtualCurrencyPrices": {"BA": 1000}, "Tags": [], "Consumable": {}, "CanBecomeCharacter": false, "IsStackable": false, "IsTradable": false, "IsLimitedEdition": false, "InitialLimitedEditionCount": 0}, {"ItemId": "pighat", "CatalogVersion": "Cosmetics", "DisplayName": "PigHat", "VirtualCurrencyPrices": {"BA": 1000}, "Tags": ["\"cosmetic\"", "\"head\""], "Consumable": {}, "CanBecomeCharacter": false, "IsStackable": false, "IsTradable": false, "IsLimitedEdition": false, "InitialLimitedEditionCount": 0}, {"ItemId": "shockgrenade", "CatalogVersion": "Cosmetics", "DisplayName": "ShockGrenade", "VirtualCurrencyPrices": {"BA": 2500}, "RealCurrencyPrices": {}, "Tags": ["\"cosmetic\"", "\"hand\""], "Consumable": {}, "CanBecomeCharacter": false, "IsStackable": false, "IsTradable": false, "IsLimitedEdition": false, "InitialLimitedEditionCount": 0}, {"ItemId": "cyclopsmask", "CatalogVersion": "Cosmetics", "DisplayName": "CyclopsMask", "VirtualCurrencyPrices": {"BA": 2500}, "RealCurrencyPrices": {}, "Tags": ["\"cosmetic\"", "\"face\""], "Consumable": {}, "CanBecomeCharacter": false, "IsStackable": false, "IsTradable": false, "IsLimitedEdition": false, "InitialLimitedEditionCount": 0}, {"ItemId": "vmtbundle", "CatalogVersion": "Cosmetics", "DisplayName": "VMTBundle", "VirtualCurrencyPrices": {"BA": 1500}, "RealCurrencyPrices": {}, "Tags": ["bundle"], "Consumable": {}, "Bundle": {"BundledItems": ["overalls", "bananahead"], "BundledResultTables": []}, "CanBecomeCharacter": false, "IsStackable": false, "IsTradable": false, "IsLimitedEdition": false, "InitialLimitedEditionCount": 0}, {"ItemId": "earlysign", "CatalogVersion": "Cosmetics", "DisplayName": "EarlySign", "VirtualCurrencyPrices": {"BA": 1500}, "Tags": ["\"cosmetic\"", "\"hand\""], "Consumable": {}, "CanBecomeCharacter": false, "IsStackable": false, "IsTradable": false, "IsLimitedEdition": false, "InitialLimitedEditionCount": 0}, {"ItemId": "galaxyfur", "CatalogVersion": "Cosmetics", "DisplayName": "GalaxyFur", "VirtualCurrencyPrices": {"BA": 1000}, "Tags": ["\"cosmetic\"", "\"body\""], "Consumable": {}, "CanBecomeCharacter": false, "IsStackable": false, "IsTradable": false, "IsLimitedEdition": false, "InitialLimitedEditionCount": 0}, {"ItemId": "facemask", "CatalogVersion": "Cosmetics", "DisplayName": "FaceMask", "VirtualCurrencyPrices": {"BA": 1000}, "Tags": ["\"cosmetic\"", "\"face\""], "Consumable": {}, "CanBecomeCharacter": false, "IsStackable": false, "IsTradable": false, "IsLimitedEdition": false, "InitialLimitedEditionCount": 0}, {"ItemId": "jetpack", "CatalogVersion": "Cosmetics", "DisplayName": "Jetpack", "VirtualCurrencyPrices": {"BA": 3000}, "Tags": ["\"cosmetic\"", "\"body\""], "Consumable": {}, "CanBecomeCharacter": false, "IsStackable": false, "IsTradable": false, "IsLimitedEdition": false, "InitialLimitedEditionCount": 0}, {"ItemId": "handcannon", "CatalogVersion": "Cosmetics", "DisplayName": "HandCannon", "VirtualCurrencyPrices": {"BA": 3000}, "Tags": ["\"cosmetic\"", "\"hand\""], "Consumable": {}, "CanBecomeCharacter": false, "IsStackable": false, "IsTradable": false, "IsLimitedEdition": false, "InitialLimitedEditionCount": 0}, {"ItemId": "backballoons", "CatalogVersion": "Cosmetics", "DisplayName": "BackBalloons", "VirtualCurrencyPrices": {"BA": 2500}, "RealCurrencyPrices": {}, "Tags": ["\"cosmetic\"", "\"body\""], "Consumable": {}, "CanBecomeCharacter": false, "IsStackable": false, "IsTradable": false, "IsLimitedEdition": false, "InitialLimitedEditionCount": 0}, {"ItemId": "headcloud", "CatalogVersion": "Cosmetics", "DisplayName": "HeadCloud", "VirtualCurrencyPrices": {"BA": 1500}, "Tags": [], "Consumable": {}, "CanBecomeCharacter": false, "IsStackable": false, "IsTradable": false, "IsLimitedEdition": false, "InitialLimitedEditionCount": 0}, {"ItemId": "cloudfur", "CatalogVersion": "Cosmetics", "DisplayName": "CloudFur", "VirtualCurrencyPrices": {"BA": 1500}, "Tags": [], "Consumable": {}, "CanBecomeCharacter": false, "IsStackable": false, "IsTradable": false, "IsLimitedEdition": false, "InitialLimitedEditionCount": 0}, {"ItemId": "elliotrose", "CatalogVersion": "Cosmetics", "DisplayName": "ElliotRose", "VirtualCurrencyPrices": {"BA": 9999999}, "Tags": ["\"cosmetic\"", "\"hand\""], "Consumable": {}, "CanBecomeCharacter": false, "IsStackable": false, "IsTradable": false, "IsLimitedEdition": false, "InitialLimitedEditionCount": 0}, {"ItemId": "erikhat", "CatalogVersion": "Cosmetics", "DisplayName": "ErikHat", "VirtualCurrencyPrices": {"BA": 1000}, "Tags": [], "Consumable": {}, "CanBecomeCharacter": false, "IsStackable": false, "IsTradable": false, "IsLimitedEdition": false, "InitialLimitedEditionCount": 0}, {"ItemId": "erikbundle", "CatalogVersion": "Cosmetics", "DisplayName": "ErikBundle", "VirtualCurrencyPrices": {"BA": 1500}, "Tags": [], "Consumable": {}, "Bundle": {"BundledItems": ["erikhat", "erikglasses"], "BundledResultTables": []}, "CanBecomeCharacter": false, "IsStackable": false, "IsTradable": false, "IsLimitedEdition": false, "InitialLimitedEditionCount": 0}]}