{"Catalog": [{"ItemId": "One", "CatalogVersion": "Items", "DisplayName": "My first item", "CanBecomeCharacter": false, "IsStackable": false, "IsTradable": false, "IsLimitedEdition": false, "InitialLimitedEditionCount": 0}, {"ItemId": "YOUTUBE", "CatalogVersion": "Items", "DisplayName": "YOUTUBE", "VirtualCurrencyPrices": {}, "Tags": [], "Consumable": {}, "CanBecomeCharacter": false, "IsStackable": false, "IsTradable": false, "IsLimitedEdition": false, "InitialLimitedEditionCount": 0}, {"ItemId": "TIKTOK", "CatalogVersion": "Items", "DisplayName": "TIKTOK", "VirtualCurrencyPrices": {}, "Tags": [], "Consumable": {}, "CanBecomeCharacter": false, "IsStackable": false, "IsTradable": false, "IsLimitedEdition": false, "InitialLimitedEditionCount": 0}, {"ItemId": "BOOSTSER", "CatalogVersion": "Items", "DisplayName": "BOOSTSER", "VirtualCurrencyPrices": {}, "Tags": [], "Consumable": {}, "CanBecomeCharacter": false, "IsStackable": false, "IsTradable": false, "IsLimitedEdition": false, "InitialLimitedEditionCount": 0}, {"ItemId": "RGBSTICK", "CatalogVersion": "Items", "DisplayName": "RGBSTICK", "VirtualCurrencyPrices": {}, "Tags": [], "Consumable": {}, "CanBecomeCharacter": false, "IsStackable": false, "IsTradable": false, "IsLimitedEdition": false, "InitialLimitedEditionCount": 0}, {"ItemId": "HAMBBB", "CatalogVersion": "Items", "DisplayName": "HAMBBB", "VirtualCurrencyPrices": {}, "Tags": [], "Consumable": {}, "CanBecomeCharacter": false, "IsStackable": false, "IsTradable": false, "IsLimitedEdition": false, "InitialLimitedEditionCount": 0}, {"ItemId": "KHAM", "CatalogVersion": "Items", "DisplayName": "KHAM", "VirtualCurrencyPrices": {}, "Tags": [], "Consumable": {}, "CanBecomeCharacter": false, "IsStackable": false, "IsTradable": false, "IsLimitedEdition": false, "InitialLimitedEditionCount": 0}]}