{"Catalog": [{"ItemId": "Mod Vents", "ItemClass": "Mod Vents", "CatalogVersion": "Catalog", "DisplayName": "Mod Vents", "VirtualCurrencyPrices": {}, "Tags": [], "Consumable": {}, "CanBecomeCharacter": false, "IsStackable": false, "IsTradable": false, "IsLimitedEdition": false, "InitialLimitedEditionCount": 0}, {"ItemId": "Kick Hammer", "ItemClass": "Kick Hammer", "CatalogVersion": "Catalog", "DisplayName": "Kick Hammer", "VirtualCurrencyPrices": {}, "RealCurrencyPrices": {}, "Tags": [], "Consumable": {}, "CanBecomeCharacter": false, "IsStackable": false, "IsTradable": false, "IsLimitedEdition": false, "InitialLimitedEditionCount": 0}, {"ItemId": "YouTuber Badge", "ItemClass": "YouTuber Badge", "CatalogVersion": "Catalog", "DisplayName": "YouTuber Badge", "VirtualCurrencyPrices": {}, "Tags": [], "Consumable": {}, "CanBecomeCharacter": false, "IsStackable": false, "IsTradable": false, "IsLimitedEdition": false, "InitialLimitedEditionCount": 0}, {"ItemId": "Music Creator", "ItemClass": "Music Creator", "CatalogVersion": "Catalog", "DisplayName": "Music Creator", "VirtualCurrencyPrices": {}, "Tags": [], "Consumable": {}, "CanBecomeCharacter": false, "IsStackable": false, "IsTradable": false, "IsLimitedEdition": false, "InitialLimitedEditionCount": 0}, {"ItemId": "Modeler", "ItemClass": "Modeler", "CatalogVersion": "Catalog", "DisplayName": "Modeler", "VirtualCurrencyPrices": {}, "Tags": [], "Consumable": {}, "CanBecomeCharacter": false, "IsStackable": false, "IsTradable": false, "IsLimitedEdition": false, "InitialLimitedEditionCount": 0}, {"ItemId": "Remove Cosmetics", "ItemClass": "Remove Cosmetics", "CatalogVersion": "Catalog", "DisplayName": "Remove Cosmetics", "VirtualCurrencyPrices": {}, "Tags": [], "Consumable": {}, "CanBecomeCharacter": false, "IsStackable": false, "IsTradable": false, "IsLimitedEdition": false, "InitialLimitedEditionCount": 0}, {"ItemId": "Galaxy Hat", "ItemClass": "Galaxy Hat", "CatalogVersion": "Catalog", "DisplayName": "Galaxy Hat", "VirtualCurrencyPrices": {}, "Tags": [], "Consumable": {}, "CanBecomeCharacter": false, "IsStackable": false, "IsTradable": false, "IsLimitedEdition": false, "InitialLimitedEditionCount": 0}, {"ItemId": "Galaxy Skin", "ItemClass": "Galaxy Skin", "CatalogVersion": "Catalog", "DisplayName": "Galaxy Skin", "VirtualCurrencyPrices": {}, "Tags": [], "Consumable": {}, "CanBecomeCharacter": false, "IsStackable": false, "IsTradable": false, "IsLimitedEdition": false, "InitialLimitedEditionCount": 0}, {"ItemId": "Galaxy Swords", "ItemClass": "Galaxy Swords", "CatalogVersion": "Catalog", "DisplayName": "Galaxy Swords", "VirtualCurrencyPrices": {}, "Tags": [], "Consumable": {}, "CanBecomeCharacter": false, "IsStackable": false, "IsTradable": false, "IsLimitedEdition": false, "InitialLimitedEditionCount": 0}, {"ItemId": "Galaxy Bundle", "ItemClass": "Galaxy Bundle", "CatalogVersion": "Catalog", "DisplayName": "Galaxy Bundle", "VirtualCurrencyPrices": {}, "Tags": [], "Consumable": {}, "Bundle": {"BundledItems": ["Galaxy Hat", "Galaxy Skin", "Galaxy Swords"], "BundledResultTables": []}, "CanBecomeCharacter": false, "IsStackable": false, "IsTradable": false, "IsLimitedEdition": false, "InitialLimitedEditionCount": 0}, {"ItemId": "Gladiator Sword", "ItemClass": "Gladiator Sword", "CatalogVersion": "Catalog", "DisplayName": "Gladiator Sword", "VirtualCurrencyPrices": {}, "Tags": [], "Consumable": {}, "CanBecomeCharacter": false, "IsStackable": false, "IsTradable": false, "IsLimitedEdition": false, "InitialLimitedEditionCount": 0}, {"ItemId": "Gladiator Helmet", "ItemClass": "Gladiator Helmet", "CatalogVersion": "Catalog", "DisplayName": "Gladiator Helmet", "VirtualCurrencyPrices": {}, "Tags": [], "Consumable": {}, "CanBecomeCharacter": false, "IsStackable": false, "IsTradable": false, "IsLimitedEdition": false, "InitialLimitedEditionCount": 0}, {"ItemId": "Gladiator Shield", "ItemClass": "Gladiator Shield", "CatalogVersion": "Catalog", "DisplayName": "Gladiator Shield", "VirtualCurrencyPrices": {}, "Tags": [], "Consumable": {}, "CanBecomeCharacter": false, "IsStackable": false, "IsTradable": false, "IsLimitedEdition": false, "InitialLimitedEditionCount": 0}, {"ItemId": "Gladiator Bundle", "ItemClass": "Gladiator Bundle", "CatalogVersion": "Catalog", "DisplayName": "Gladiator Bundle", "VirtualCurrencyPrices": {}, "Tags": [], "Consumable": {}, "Bundle": {"BundledItems": ["Gladiator Shield", "Gladiator Helmet", "Gladiator Sword"], "BundledResultTables": []}, "CanBecomeCharacter": false, "IsStackable": false, "IsTradable": false, "IsLimitedEdition": false, "InitialLimitedEditionCount": 0}, {"ItemId": "Neon Eyes", "ItemClass": "Neon Eyes", "CatalogVersion": "Catalog", "DisplayName": "Neon Eyes", "VirtualCurrencyPrices": {}, "RealCurrencyPrices": {}, "Tags": [], "Consumable": {}, "CanBecomeCharacter": false, "IsStackable": false, "IsTradable": false, "IsLimitedEdition": false, "InitialLimitedEditionCount": 0}, {"ItemId": "ModMenu", "ItemClass": "ModMenu", "CatalogVersion": "Catalog", "DisplayName": "ModMenu", "VirtualCurrencyPrices": {}, "Tags": [], "Consumable": {}, "CanBecomeCharacter": false, "IsStackable": false, "IsTradable": false, "IsLimitedEdition": false, "InitialLimitedEditionCount": 0}, {"ItemId": "Ice Swords", "ItemClass": "Ice Swords", "CatalogVersion": "Catalog", "DisplayName": "Ice Swords", "VirtualCurrencyPrices": {}, "Tags": [], "Consumable": {}, "CanBecomeCharacter": false, "IsStackable": false, "IsTradable": false, "IsLimitedEdition": false, "InitialLimitedEditionCount": 0}, {"ItemId": "Knight Armour", "ItemClass": "Knight Armour", "CatalogVersion": "Catalog", "DisplayName": "Knight Armour", "VirtualCurrencyPrices": {}, "Tags": [], "Consumable": {}, "CanBecomeCharacter": false, "IsStackable": false, "IsTradable": false, "IsLimitedEdition": false, "InitialLimitedEditionCount": 0}, {"ItemId": "Knight Helmet", "ItemClass": "Knight Helmet", "CatalogVersion": "Catalog", "DisplayName": "Knight Helmet", "VirtualCurrencyPrices": {}, "Tags": [], "Consumable": {}, "CanBecomeCharacter": false, "IsStackable": false, "IsTradable": false, "IsLimitedEdition": false, "InitialLimitedEditionCount": 0}, {"ItemId": "Knight Bundle", "ItemClass": "Knight Bundle", "CatalogVersion": "Catalog", "DisplayName": "Knight Bundle", "VirtualCurrencyPrices": {}, "Tags": [], "Consumable": {}, "Bundle": {"BundledItems": ["Ice Swords", "Knight Armour", "Knight Helmet"], "BundledResultTables": []}, "CanBecomeCharacter": false, "IsStackable": false, "IsTradable": false, "IsLimitedEdition": false, "InitialLimitedEditionCount": 0}, {"ItemId": "Competition Winner", "ItemClass": "Competition Winner", "CatalogVersion": "Catalog", "DisplayName": "Competition Winner", "VirtualCurrencyPrices": {}, "RealCurrencyPrices": {}, "Tags": [], "Consumable": {}, "CanBecomeCharacter": false, "IsStackable": false, "IsTradable": false, "IsLimitedEdition": false, "InitialLimitedEditionCount": 0}, {"ItemId": "Angel Wings", "ItemClass": "Angel Wings", "CatalogVersion": "Catalog", "DisplayName": "Angel Wings", "VirtualCurrencyPrices": {}, "Tags": [], "Consumable": {}, "CanBecomeCharacter": false, "IsStackable": false, "IsTradable": false, "IsLimitedEdition": false, "InitialLimitedEditionCount": 0}, {"ItemId": "Angel Halo", "ItemClass": "Angel Halo", "CatalogVersion": "Catalog", "DisplayName": "Angel Halo", "VirtualCurrencyPrices": {}, "Tags": [], "Consumable": {}, "CanBecomeCharacter": false, "IsStackable": false, "IsTradable": false, "IsLimitedEdition": false, "InitialLimitedEditionCount": 0}, {"ItemId": "Godly", "ItemClass": "Godly", "CatalogVersion": "Catalog", "DisplayName": "Godly", "VirtualCurrencyPrices": {}, "RealCurrencyPrices": {}, "Tags": [], "Consumable": {}, "Bundle": {"BundledItems": ["Angel Halo", "Angel Wings", "Mafia"], "BundledResultTables": []}, "CanBecomeCharacter": false, "IsStackable": false, "IsTradable": false, "IsLimitedEdition": false, "InitialLimitedEditionCount": 0}, {"ItemId": "Mafia", "ItemClass": "Mafia", "CatalogVersion": "Catalog", "DisplayName": "Mafia", "VirtualCurrencyPrices": {}, "Tags": [], "Consumable": {}, "CanBecomeCharacter": false, "IsStackable": false, "IsTradable": false, "IsLimitedEdition": false, "InitialLimitedEditionCount": 0}, {"ItemId": "Quick Roll", "ItemClass": "Quick Roll", "CatalogVersion": "Catalog", "DisplayName": "Quick Roll", "VirtualCurrencyPrices": {}, "Tags": [], "Consumable": {}, "CanBecomeCharacter": false, "IsStackable": false, "IsTradable": false, "IsLimitedEdition": false, "InitialLimitedEditionCount": 0}, {"ItemId": "Cube", "ItemClass": "Cube", "CatalogVersion": "Catalog", "DisplayName": "Owner Items", "VirtualCurrencyPrices": {}, "RealCurrencyPrices": {}, "Tags": [], "Consumable": {}, "CanBecomeCharacter": false, "IsStackable": false, "IsTradable": false, "IsLimitedEdition": false, "InitialLimitedEditionCount": 0}, {"ItemId": "Cube (1)", "ItemClass": "Cube (1)", "CatalogVersion": "Catalog", "DisplayName": "Mod Items", "VirtualCurrencyPrices": {}, "RealCurrencyPrices": {}, "Tags": [], "Consumable": {}, "CanBecomeCharacter": false, "IsStackable": false, "IsTradable": false, "IsLimitedEdition": false, "InitialLimitedEditionCount": 0}, {"ItemId": "Cube (2)", "ItemClass": "Cube (2)", "CatalogVersion": "Catalog", "DisplayName": "Moderator", "VirtualCurrencyPrices": {}, "RealCurrencyPrices": {}, "Tags": [], "Consumable": {}, "CanBecomeCharacter": false, "IsStackable": false, "IsTradable": false, "IsLimitedEdition": false, "InitialLimitedEditionCount": 0}, {"ItemId": "Cube (3)", "ItemClass": "Cube (3)", "CatalogVersion": "Catalog", "DisplayName": "Senior Moderator", "VirtualCurrencyPrices": {}, "RealCurrencyPrices": {}, "Tags": [], "Consumable": {}, "CanBecomeCharacter": false, "IsStackable": false, "IsTradable": false, "IsLimitedEdition": false, "InitialLimitedEditionCount": 0}, {"ItemId": "Dragon Claws", "ItemClass": "Dragon Claws", "CatalogVersion": "Catalog", "DisplayName": "Dragon Claws", "VirtualCurrencyPrices": {}, "Tags": [], "Consumable": {}, "CanBecomeCharacter": false, "IsStackable": false, "IsTradable": false, "IsLimitedEdition": false, "InitialLimitedEditionCount": 0}, {"ItemId": "Dragon Pet", "ItemClass": "Dragon Pet", "CatalogVersion": "Catalog", "DisplayName": "Dragon Pet", "VirtualCurrencyPrices": {}, "Tags": [], "Consumable": {}, "CanBecomeCharacter": false, "IsStackable": false, "IsTradable": false, "IsLimitedEdition": false, "InitialLimitedEditionCount": 0}, {"ItemId": "Dragon Breath", "ItemClass": "Dragon Breath", "CatalogVersion": "Catalog", "DisplayName": "Dragon Breath", "VirtualCurrencyPrices": {}, "Tags": [], "Consumable": {}, "CanBecomeCharacter": false, "IsStackable": false, "IsTradable": false, "IsLimitedEdition": false, "InitialLimitedEditionCount": 0}, {"ItemId": "Dragon Horns", "ItemClass": "Dragon Horns", "CatalogVersion": "Catalog", "DisplayName": "Dragon Horns", "VirtualCurrencyPrices": {}, "Tags": [], "Consumable": {}, "CanBecomeCharacter": false, "IsStackable": false, "IsTradable": false, "IsLimitedEdition": false, "InitialLimitedEditionCount": 0}, {"ItemId": "Dragon Bundle", "CatalogVersion": "Catalog", "VirtualCurrencyPrices": {}, "Tags": [], "Consumable": {}, "Bundle": {"BundledItems": ["Dragon Horns", "Dragon Breath", "Dragon Pet", "Dragon Claws"], "BundledResultTables": []}, "CanBecomeCharacter": false, "IsStackable": false, "IsTradable": false, "IsLimitedEdition": false, "InitialLimitedEditionCount": 0}]}