{"Catalog": [{"ItemId": "One", "CatalogVersion": "Lazy Chimps PlayFab", "DisplayName": "My first item", "CanBecomeCharacter": false, "IsStackable": false, "IsTradable": false, "IsLimitedEdition": false, "InitialLimitedEditionCount": 0}, {"ItemId": "LeaderboardKick", "ItemClass": "LeaderboardKick", "CatalogVersion": "Lazy Chimps PlayFab", "DisplayName": "LeaderboardKick", "VirtualCurrencyPrices": {}, "Tags": [], "Consumable": {}, "CanBecomeCharacter": false, "IsStackable": false, "IsTradable": false, "IsLimitedEdition": false, "InitialLimitedEditionCount": 0}, {"ItemId": "DevHatEandD", "ItemClass": "DevHatEandD", "CatalogVersion": "Lazy Chimps PlayFab", "DisplayName": "DevHatEandD", "VirtualCurrencyPrices": {}, "Tags": [], "Consumable": {}, "CanBecomeCharacter": false, "IsStackable": false, "IsTradable": false, "IsLimitedEdition": false, "InitialLimitedEditionCount": 0}, {"ItemId": "Cosmetics", "ItemClass": "Cosmetics", "CatalogVersion": "Lazy Chimps PlayFab", "DisplayName": "Cosmetics", "VirtualCurrencyPrices": {}, "Tags": [], "Consumable": {}, "CanBecomeCharacter": false, "IsStackable": false, "IsTradable": false, "IsLimitedEdition": false, "InitialLimitedEditionCount": 0}, {"ItemId": "ModHat", "ItemClass": "ModHat", "CatalogVersion": "Lazy Chimps PlayFab", "DisplayName": "ModHat", "VirtualCurrencyPrices": {}, "Tags": [], "Consumable": {}, "CanBecomeCharacter": false, "IsStackable": false, "IsTradable": false, "IsLimitedEdition": false, "InitialLimitedEditionCount": 0}, {"ItemId": "Stick", "ItemClass": "Stick", "CatalogVersion": "Lazy Chimps PlayFab", "DisplayName": "Stick", "VirtualCurrencyPrices": {}, "Tags": [], "Consumable": {}, "CanBecomeCharacter": false, "IsStackable": false, "IsTradable": false, "IsLimitedEdition": false, "InitialLimitedEditionCount": 0}, {"ItemId": "MainOwnerFaceEandD", "ItemClass": "MainOwnerFaceEandD", "CatalogVersion": "Lazy Chimps PlayFab", "DisplayName": "MainOwnerFaceEandD", "VirtualCurrencyPrices": {}, "Tags": [], "Consumable": {}, "CanBecomeCharacter": false, "IsStackable": false, "IsTradable": false, "IsLimitedEdition": false, "InitialLimitedEditionCount": 0}, {"ItemId": "BananinYTHat", "ItemClass": "BananinYTHat", "CatalogVersion": "Lazy Chimps PlayFab", "DisplayName": "BananinYTHat", "VirtualCurrencyPrices": {}, "Tags": [], "Consumable": {}, "CanBecomeCharacter": false, "IsStackable": false, "IsTradable": false, "IsLimitedEdition": false, "InitialLimitedEditionCount": 0}, {"ItemId": "CosmicHat", "ItemClass": "CosmicHat", "CatalogVersion": "Lazy Chimps PlayFab", "DisplayName": "CosmicHat", "VirtualCurrencyPrices": {}, "Tags": [], "Consumable": {}, "CanBecomeCharacter": false, "IsStackable": false, "IsTradable": false, "IsLimitedEdition": false, "InitialLimitedEditionCount": 0}, {"ItemId": "GyattoHat", "ItemClass": "GyattoHat", "CatalogVersion": "Lazy Chimps PlayFab", "DisplayName": "GyattoHat", "VirtualCurrencyPrices": {}, "Tags": [], "Consumable": {}, "CanBecomeCharacter": false, "IsStackable": false, "IsTradable": false, "IsLimitedEdition": false, "InitialLimitedEditionCount": 0}, {"ItemId": "BobTheRockPetEandD", "ItemClass": "BobTheRockPetEandD", "CatalogVersion": "Lazy Chimps PlayFab", "DisplayName": "BobTheRockPetEandD", "VirtualCurrencyPrices": {}, "Tags": [], "Consumable": {}, "CanBecomeCharacter": false, "IsStackable": false, "IsTradable": false, "IsLimitedEdition": false, "InitialLimitedEditionCount": 0}, {"ItemId": "KickHammer", "ItemClass": "KickHammer", "CatalogVersion": "Lazy Chimps PlayFab", "DisplayName": "KickHammer", "VirtualCurrencyPrices": {}, "Tags": [], "Consumable": {}, "CanBecomeCharacter": false, "IsStackable": false, "IsTradable": false, "IsLimitedEdition": false, "InitialLimitedEditionCount": 0}, {"ItemId": "Vents", "ItemClass": "Vents", "CatalogVersion": "Lazy Chimps PlayFab", "DisplayName": "Vents", "VirtualCurrencyPrices": {}, "Tags": [], "Consumable": {}, "CanBecomeCharacter": false, "IsStackable": false, "IsTradable": false, "IsLimitedEdition": false, "InitialLimitedEditionCount": 0}, {"ItemId": "BeesStuff", "ItemClass": "BeesStuff", "CatalogVersion": "Lazy Chimps PlayFab", "DisplayName": "BeesStuff", "VirtualCurrencyPrices": {}, "Tags": [], "Consumable": {}, "CanBecomeCharacter": false, "IsStackable": false, "IsTradable": false, "IsLimitedEdition": false, "InitialLimitedEditionCount": 0}]}