{"Catalog": [{"ItemId": "One", "CatalogVersion": "Shop", "DisplayName": "My first item", "CanBecomeCharacter": false, "IsStackable": false, "IsTradable": false, "IsLimitedEdition": false, "InitialLimitedEditionCount": 0}, {"ItemId": "SONICX BUTTON", "ItemClass": "SONICX BUTTON", "CatalogVersion": "Shop", "DisplayName": "SONICX BUTTON", "VirtualCurrencyPrices": {}, "Tags": [], "Consumable": {}, "CanBecomeCharacter": false, "IsStackable": false, "IsTradable": false, "IsLimitedEdition": false, "InitialLimitedEditionCount": 0}, {"ItemId": "ES BUTTON", "ItemClass": "ES BUTTON", "CatalogVersion": "Shop", "DisplayName": "ES BUTTON", "VirtualCurrencyPrices": {}, "Tags": [], "Consumable": {}, "CanBecomeCharacter": false, "IsStackable": false, "IsTradable": false, "IsLimitedEdition": false, "InitialLimitedEditionCount": 0}, {"ItemId": "Staff", "ItemClass": "Staff", "CatalogVersion": "Shop", "DisplayName": "Staff", "VirtualCurrencyPrices": {}, "Tags": [], "Consumable": {}, "CanBecomeCharacter": false, "IsStackable": false, "IsTradable": false, "IsLimitedEdition": false, "InitialLimitedEditionCount": 0}, {"ItemId": "beanie button", "ItemClass": "beanie button", "CatalogVersion": "Shop", "DisplayName": "beanie button", "VirtualCurrencyPrices": {}, "Tags": [], "Consumable": {}, "CanBecomeCharacter": false, "IsStackable": false, "IsTradable": false, "IsLimitedEdition": false, "InitialLimitedEditionCount": 0}]}